timestamp_sec,timestamp_nanosec,frame_id,pos_x,pos_y,orient_x,orient_y,orient_z,orient_w
1775421374,138897016,map,6.608183283567316,1.7716343856416361,0.0,0.0,0.8116947278128805,0.5840819025109182
1775421374,241487288,map,6.608182984603313,1.771638625550764,0.0,0.0,0.8116953903305894,0.5840809818133716
1775421374,358964088,map,6.608183051748226,1.7716366757064874,0.0,0.0,0.8117011403255256,0.584072990981642
1775421374,503790776,map,6.608181236772129,1.7716377285152602,0.0,0.0,0.8117018850072348,0.584071956077076
1775421374,589140280,map,6.608181946263253,1.771625138321657,0.0,0.0,0.8117020597215927,0.5840717132713448
1775421374,609456024,map,6.608176109164862,1.7716209453194125,0.0,0.0,0.8117027314402371,0.5840707797625715
1775421374,795531544,map,6.608175723112315,1.7716359504041792,0.0,0.0,0.8116993732122733,0.5840754467761872
1775421374,811534968,map,6.608172846322661,1.7716470998302651,0.0,0.0,0.8116987574334884,0.5840763025332657
1775421374,992702648,map,6.608180864524169,1.7716465917121638,0.0,0.0,0.8116981204100575,0.5840771878123471
1775421375,4099384,map,6.608174795563959,1.7716390920176064,0.0,0.0,0.8116976473376635,0.5840778452453937
1775421375,25208344,map,6.6081779934934985,1.7716341067447061,0.0,0.0,0.8116971629078044,0.5840785184608498
1775421375,215124568,map,6.608182787957743,1.7716336392925949,0.0,0.0,0.8116990353744326,0.5840759162747731
1775421375,222330392,map,6.608175685172865,1.7716320938092693,0.0,0.0,0.8116998443191944,0.5840747920704981
1775421375,416479640,map,6.6081715262849645,1.7716258446546909,0.0,0.0,0.8116978872403398,0.5840775118505837
1775421375,423277080,map,6.608173786081983,1.7716338802425893,0.0,0.0,0.811696906614916,0.5840788746323361
1775421375,633223768,map,6.608163889967477,1.7716254865121943,0.0,0.0,0.8116999966029733,0.5840745804387767
1775421375,945797784,map,6.608182941479997,1.771638944265856,0.0,0.0,0.8116940684220334,0.5840828188608935
1775421376,89829880,map,6.608187998927896,1.7716434195371944,0.0,0.0,0.8116927712365255,0.584084621542435
1775421376,93228408,map,6.608196592652996,1.7716526070427299,0.0,0.0,0.8116949029278929,0.5840816591546754
1775421376,103188632,map,6.608197090608901,1.7716515505735302,0.0,0.0,0.8116957584962396,0.5840804701744565
1775421376,292567384,map,6.6082044258893236,1.7716474470723211,0.0,0.0,0.8116972905588999,0.5840783410633721
1775421376,296166104,map,6.608203962937149,1.7716419760565465,0.0,0.0,0.8116953595352377,0.5840810246095666
1775421376,303046808,map,6.6082018749798594,1.7716470583013995,0.0,0.0,0.8116966437945717,0.5840792398747179
1775421376,489576216,map,6.608209613232667,1.7716605101801786,0.0,0.0,0.8116949926892504,0.584081534413816
1775421376,765644664,map,6.608194952953456,1.7716711343470577,0.0,0.0,0.8116963653419359,0.5840796268409733
1775421376,777227064,map,6.608198277079856,1.7716685397777234,0.0,0.0,0.811698130390188,0.5840771739428561
1775421376,957001656,map,6.608202103623661,1.771656683404976,0.0,0.0,0.811699624164413,0.5840750980236623
1775421377,154129912,map,6.608204431877409,1.7716585382009324,0.0,0.0,0.811699434926948,0.5840753610102668
1775421377,163892248,map,6.6082006825209945,1.771653164188751,0.0,0.0,0.8116989531654263,0.5840760305218414
1775421377,352576536,map,6.608193216873492,1.7716469415142355,0.0,0.0,0.8116970397938107,0.584078689553013
1775421377,358569560,map,6.608191474388963,1.7716378958003134,0.0,0.0,0.8116949019648311,0.584081660493037
1775421377,374188120,map,6.608187499392651,1.7716422809564805,0.0,0.0,0.8116893806451585,0.5840893333625251
1775421377,559725272,map,6.608183405912456,1.7716589345425235,0.0,0.0,0.81169004053199,0.5840884163388077
1775421377,568505592,map,6.60818516212968,1.7716471519519206,0.0,0.0,0.811692030124082,0.5840856514528039
1775421377,751143832,map,6.608188619932206,1.7716532433993724,0.0,0.0,0.8116912308877998,0.5840867621337162
1775421377,764511736,map,6.608190983242698,1.7716516492730818,0.0,0.0,0.8116907372655058,0.5840874481080549
1775421377,954518840,map,6.608193488915646,1.771647383190555,0.0,0.0,0.8116914084764173,0.5840865153430354
1775421377,965140312,map,6.608200151280048,1.771643697537423,0.0,0.0,0.8116875804858737,0.5840918349754499
1775421378,147727576,map,6.6082055228676495,1.7716349272699037,0.0,0.0,0.8116862557207933,0.5840936759407338
1775421378,154309336,map,6.608198111070991,1.771642905997874,0.0,0.0,0.8116836569223839,0.5840972873461285
1775421378,157407128,map,6.60818944231395,1.771642666162627,0.0,0.0,0.8116826206101182,0.5840987274421089
1775421378,167258904,map,6.608189267866754,1.7716479336133655,0.0,0.0,0.8116829943476893,0.5840982080838538
1775421378,354388120,map,6.608198928967518,1.7716476676335366,0.0,0.0,0.8116853748131417,0.584094900092827
1775421378,357556536,map,6.608199718870664,1.771654227966488,0.0,0.0,0.8116852803478265,0.5840950313661899
1775421378,362664952,map,6.608185153757662,1.7716408383731697,0.0,0.0,0.8116870445679044,0.5840925797171377
1775421378,548113144,map,6.608200859900631,1.7716383575963794,0.0,0.0,0.8116855543224925,0.5840946506382233
1775421378,558073272,map,6.608194000474209,1.771636182707161,0.0,0.0,0.8116842812537398,0.5840964197507119
1775421378,754693496,map,6.608193644619671,1.7716373306525353,0.0,0.0,0.8116855300779497,0.5840946843295852
1775421378,763953368,map,6.60819620966073,1.7716214977549145,0.0,0.0,0.8116869550995218,0.584092704047283
1775421378,953889592,map,6.608187706220997,1.771627371102061,0.0,0.0,0.8116887479744058,0.5840902125628724
1775421379,148503352,map,6.608178925359294,1.7716288323850002,0.0,0.0,0.8116899165244311,0.5840885886683304
1775421379,164141048,map,6.608187311371056,1.7716237150825385,0.0,0.0,0.811688895557518,0.5840900074719791
1775421379,357826968,map,6.608185508793291,1.7716311499882595,0.0,0.0,0.8116904820105609,0.5840878028288754
1775421379,370928376,map,6.60817357765378,1.7716274546720228,0.0,0.0,0.8116889762612022,0.5840898953209528
1775421379,552747224,map,6.6081709694826305,1.7716285953584192,0.0,0.0,0.8116868766950055,0.5840928130024431
1775421379,561374744,map,6.608176554786517,1.7716285017648832,0.0,0.0,0.8116883091860688,0.5840908223304494
1775421379,753606936,map,6.608177200503834,1.7716396790998459,0.0,0.0,0.8116885955294606,0.584090424409964
1775421379,773632024,map,6.60819205466789,1.7716403125694917,0.0,0.0,0.8116893751530053,0.5840893409947864
1775421379,782273560,map,6.608204350644034,1.7716330657812187,0.0,0.0,0.8116859387269086,0.5840941164512934
1775421379,974539256,map,6.608196254782108,1.771642117069763,0.0,0.0,0.8116871477892872,0.584092436275023
1775421379,979225144,map,6.608188288488332,1.771636990123434,0.0,0.0,0.8116904774541839,0.5840878091607452
1775421380,179754840,map,6.608193386206717,1.7716222336473182,0.0,0.0,0.811691555608691,0.5840863108766917
1775421380,186039512,map,6.608187692803817,1.771622567571487,0.0,0.0,0.811689768254652,0.5840887947142192
1775421380,191018648,map,6.608194125917076,1.7716057011391428,0.0,0.0,0.811689140675935,0.5840896668395721
1775421380,372348056,map,6.608195845829959,1.7716116358552645,0.0,0.0,0.8116880914395267,0.5840911249242352
1775421380,375685464,map,6.608191037221728,1.771616953144806,0.0,0.0,0.8116893886650065,0.5840893222176108
1775421380,387121912,map,6.6081900310572195,1.7716274209977938,0.0,0.0,0.8116913457100771,0.5840866025679448
1775421380,573426424,map,6.608176205734348,1.7716273577253792,0.0,0.0,0.8116923473106556,0.5840852106647778
1775421380,581136888,map,6.608167141491887,1.7716322750868656,0.0,0.0,0.8116945744243208,0.5840821156739185
1775421380,772470936,map,6.608165519558049,1.771629972818198,0.0,0.0,0.8116945649126698,0.584082128892189
1775421380,778298328,map,6.608160522284296,1.771636281572687,0.0,0.0,0.8116902407508403,0.5840881381006149
1775421380,786801112,map,6.6081576789018515,1.7716434605458051,0.0,0.0,0.8116878935916787,0.5840913998653838
1775421380,968196824,map,6.6081480786154,1.771647478059903,0.0,0.0,0.8116869877132353,0.5840926587254921
1775421380,986206712,map,6.608154261228735,1.7716456625413146,0.0,0.0,0.8116861819879371,0.5840937784036442
1775421381,172189880,map,6.608168380816544,1.7716624704384762,0.0,0.0,0.8116909101436107,0.5840872078638916
1775421381,176251704,map,6.608171459678202,1.7716744397101947,0.0,0.0,0.8116898556010527,0.5840886733316631
1775421381,186211448,map,6.608171613547933,1.771688120409474,0.0,0.0,0.8116907754775317,0.5840873950058187
1775421381,372149272,map,6.608173030686116,1.7716779351835799,0.0,0.0,0.8116874325592064,0.5840920405427931
1775421381,376326648,map,6.6081764430784204,1.7716793730506155,0.0,0.0,0.8116890809085725,0.5840897498961926
1775421381,389983128,map,6.608180933778543,1.7716746202601614,0.0,0.0,0.8116891130964315,0.5840897051658489
1775421381,573891512,map,6.608188918601488,1.7716785733779434,0.0,0.0,0.811690221981,0.5840881641845133
1775421381,581352152,map,6.608190971649486,1.7716735364757288,0.0,0.0,0.8116935008262417,0.5840836076422963
1775421381,754585816,map,6.60820138059443,1.7716718054311231,0.0,0.0,0.8116897765489719,0.5840887831878644
1775421381,765452984,map,6.608198349683714,1.7716710722047948,0.0,0.0,0.8116886623238703,0.5840903315882622
1775421381,952319256,map,6.608202026507088,1.7716617493124782,0.0,0.0,0.8116882539844272,0.5840908990420173
1775421381,964264984,map,6.608200215621805,1.7716626887643576,0.0,0.0,0.8116853694984019,0.5840949074784361
1775421382,155630872,map,6.608203700919834,1.7716680501020086,0.0,0.0,0.8116864880580061,0.584093353073
1775421382,159033336,map,6.608195897814081,1.771664016673209,0.0,0.0,0.8116871412395956,0.5840924453768365
1775421382,168463160,map,6.608191725947077,1.771660194177623,0.0,0.0,0.8116887168017201,0.5840902558824081
1775421382,354858040,map,6.608196747405223,1.7716724796402878,0.0,0.0,0.8116880359190054,0.5840912020788769
1775421382,359957432,map,6.608200874216789,1.771662143487444,0.0,0.0,0.8116877679276127,0.5840915744955494
1775421382,364779480,map,6.608204182232019,1.7716707424074722,0.0,0.0,0.8116881737369971,0.5840910105587128
1775421382,548446520,map,6.608207361224634,1.771683700201785,0.0,0.0,0.8116900968323637,0.58408833809987
1775421382,555832120,map,6.6082118554793325,1.771684457089481,0.0,0.0,0.8116896234463173,0.5840889959497402
1775421382,559576504,map,6.60820061395558,1.7716783683198154,0.0,0.0,0.8116944714639192,0.5840822587571968
1775421382,753085912,map,6.608206680339231,1.7716861686007426,0.0,0.0,0.8116934887574229,0.5840836244141788
1775421382,762592632,map,6.608212273444721,1.7716913925306006,0.0,0.0,0.8116914573126923,0.5840864474763969
1775421382,953031576,map,6.6082138972976034,1.771696080415809,0.0,0.0,0.8116904001780256,0.5840879165492441
1775421382,957275608,map,6.608206897892627,1.7716980969516423,0.0,0.0,0.8116882894546456,0.5840908497504405
1775421382,966296984,map,6.60820377647988,1.771705608878869,0.0,0.0,0.8116880884680449,0.5840911290535846
1775421383,149548280,map,6.608203386431109,1.7717012747831702,0.0,0.0,0.8116876957866568,0.5840916747468223
1775421383,153466456,map,6.60820869512191,1.7716935490589125,0.0,0.0,0.8116842431195198,0.5840964727435805
1775421383,162280632,map,6.608193371610197,1.7716878109341492,0.0,0.0,0.8116849753249118,0.584095455239807
1775421383,352942264,map,6.608201094551581,1.7716874662500959,0.0,0.0,0.8116854464022215,0.5840948006093073
1775421383,356277720,map,6.608194459315894,1.7716837237052223,0.0,0.0,0.8116872459061563,0.584092299926372
1775421383,555707224,map,6.608201724596837,1.7716827648229003,0.0,0.0,0.8116902441245,0.5840881334123383
1775421383,565911672,map,6.608213372515986,1.7716827483492925,0.0,0.0,0.8116948155523062,0.5840817805800038
1775421383,752198296,map,6.608212524864643,1.7716813040577495,0.0,0.0,0.811696693538781,0.5840791707450371
1775421383,755380024,map,6.608212296841133,1.7716809470912307,0.0,0.0,0.8116957730204512,0.5840804499901808
1775421383,762740184,map,6.608216857231177,1.7716814461443955,0.0,0.0,0.8116991308308251,0.584075783617574
1775421383,952237944,map,6.608230093931686,1.7716858458012346,0.0,0.0,0.8117035900906897,0.5840695864654191
1775421383,961106712,map,6.608227562670997,1.7716960743198387,0.0,0.0,0.8117025240778438,0.584071067940929
1775421384,148286232,map,6.608223741667428,1.7716942600575525,0.0,0.0,0.8117024150766833,0.5840712194233506
1775421384,154936728,map,6.608224914061406,1.771692986577748,0.0,0.0,0.8117037927264792,0.584069304854697
1775421384,354097912,map,6.608228298289846,1.77169590008653,0.0,0.0,0.8117048600471022,0.5840678215549238
1775421384,357304152,map,6.608228620933121,1.7716964947845195,0.0,0.0,0.8117051934914483,0.5840673581523029
1775421384,528891608,map,6.608226822805828,1.7717137795418658,0.0,0.0,0.8117050277754618,0.5840675884553403
1775421384,536421720,map,6.60823487403625,1.7717105127592214,0.0,0.0,0.811704633550952,0.5840681363265032
1775421384,732540920,map,6.608237074035458,1.7717188088701152,0.0,0.0,0.8116994903471513,0.5840752839918626
1775421384,741952856,map,6.608239739364315,1.7717042013375888,0.0,0.0,0.8116988841476971,0.5840761264367714
1775421384,938778840,map,6.608241030853212,1.771702493756937,0.0,0.0,0.8116986300293041,0.5840764795885476
1775421384,942826008,map,6.608247193531153,1.771702743412317,0.0,0.0,0.8117003167145735,0.5840741355730974
1775421384,948039768,map,6.608251537713978,1.7717152043989084,0.0,0.0,0.8117033489592458,0.5840699215747588
1775421385,132577848,map,6.6082434015017775,1.7717129570969092,0.0,0.0,0.8117028301104302,0.5840706426372738
1775421385,142946936,map,6.6082370128589,1.7717032808533022,0.0,0.0,0.8117018779177494,0.5840719659295411
1775421385,331959512,map,6.608251681967386,1.7717180589085113,0.0,0.0,0.8117010238445549,0.5840731528581856
1775421385,336253720,map,6.608252607346085,1.771704372187183,0.0,0.0,0.8117023749348673,0.5840712752097095
1775421385,533903128,map,6.608251783552293,1.7717169692925907,0.0,0.0,0.8117038124244105,0.5840692774797159
1775421385,537704440,map,6.608248272420157,1.7717180095262461,0.0,0.0,0.8117042991402765,0.5840686010711349
1775421385,543637848,map,6.608256660820697,1.7717190094308695,0.0,0.0,0.8117015870115709,0.5840723702101455
1775421385,734442680,map,6.608250020744363,1.7717300427863147,0.0,0.0,0.8117024994415942,0.5840711021787234
1775421385,742484280,map,6.608242086446436,1.7717303870887098,0.0,0.0,0.8117030983404372,0.5840702698687329
1775421385,933865048,map,6.608235116212063,1.771718700836951,0.0,0.0,0.8117004373702558,0.5840739678952791
1775421385,952827864,map,6.608240261885632,1.7717183491923618,0.0,0.0,0.8117012804961766,0.5840727961828621
1775421386,155506296,map,6.6082438961131835,1.7717183905725158,0.0,0.0,0.8116972916992531,0.5840783394786162
1775421386,163777144,map,6.60823555532615,1.7717075726973401,0.0,0.0,0.811696234203196,0.5840798090846407
1775421386,334383736,map,6.60823131585637,1.7717235445779644,0.0,0.0,0.8116928993213585,0.5840844435450127
1775421386,342576792,map,6.608225901231038,1.771724916215243,0.0,0.0,0.8116910413535917,0.5840870255247259
1775421386,512180792,map,6.60823944339162,1.7717229181514393,0.0,0.0,0.8116899514290709,0.5840885401624248
1775421386,519997848,map,6.6082366684050555,1.7717195208464003,0.0,0.0,0.8116912260626593,0.5840867688390972
1775421386,714713848,map,6.608230932174145,1.7717113297176068,0.0,0.0,0.8116899258181328,0.5840885757531593
1775421386,720183320,map,6.608230216918407,1.7717105566424396,0.0,0.0,0.811690552679897,0.5840877046216633
1775421386,727207864,map,6.608230209212342,1.771713846998351,0.0,0.0,0.8116883646899188,0.5840907451988993
1775421386,914920568,map,6.608248245083207,1.7717100078186556,0.0,0.0,0.8116868467237155,0.5840928546521619
1775421386,921702648,map,6.608243897982423,1.7717192934060195,0.0,0.0,0.8116874394565605,0.5840920309578383
1775421386,927074808,map,6.608243057853347,1.7717144767463635,0.0,0.0,0.8116897829477836,0.5840887742956372
1775421387,131845464,map,6.608237553650136,1.7716975461102362,0.0,0.0,0.8116891861760608,0.5840896036096209
1775421387,140029752,map,6.608232739459046,1.7716933478091195,0.0,0.0,0.811688398001043,0.5840906989077129
1775421387,150579544,map,6.608228093861271,1.7716882426330498,0.0,0.0,0.8116899459894423,0.5840885477217099
1775421387,327868216,map,6.608233509000835,1.7716845103843757,0.0,0.0,0.8116946163067748,0.5840820574701793
1775421387,337848472,map,6.608238138446525,1.7716801611215964,0.0,0.0,0.8116927267336774,0.5840846833873045
1775421387,537351096,map,6.608233601550196,1.7716839906610136,0.0,0.0,0.8116949863935476,0.5840815431629204
1775421387,669798680,map,6.608219823970624,1.7716819242975101,0.0,0.0,0.8116966797513142,0.5840791899055233
1775421387,679862808,map,6.608213720589661,1.7716830074830883,0.0,0.0,0.8116980952517934,0.5840772227750459
1775421387,868616184,map,6.608202910033075,1.7716856248229433,0.0,0.0,0.8116943000025834,0.5840824970355782
1775421387,873277176,map,6.608203365887256,1.7716943549727107,0.0,0.0,0.8116969984650767,0.5840787469877544
1775421388,41380504,map,6.608203207868736,1.7716958129366311,0.0,0.0,0.8117003482800242,0.5840740917059131
1775421388,232602744,map,6.608200037653717,1.7716912595564782,0.0,0.0,0.8117047519528258,0.5840679717782867
1775421388,243149976,map,6.6082027315836775,1.7717006185981146,0.0,0.0,0.8117039063346555,0.5840691469689705
1775421388,429364568,map,6.608194304748875,1.7717072522736155,0.0,0.0,0.8117037352878206,0.5840693846794229
1775421388,434023288,map,6.608187860201306,1.7717036706676381,0.0,0.0,0.8117000325962668,0.5840745304181816
1775421388,632941464,map,6.608180532491135,1.771702218672277,0.0,0.0,0.8116989577249875,0.584076024185353
1775421388,636189272,map,6.608168042699929,1.7716928620072614,0.0,0.0,0.8116996944162449,0.584075000393421
1775421388,653692184,map,6.608163720518052,1.7716902075587508,0.0,0.0,0.8116989506488642,0.5840760340191443
1775421388,833147640,map,6.608159131271219,1.7716954372493894,0.0,0.0,0.8117016781949029,0.5840722434901168
1775421388,841907640,map,6.608159801496182,1.7716907772971955,0.0,0.0,0.8117003645232672,0.5840740691323276
1775421388,850079576,map,6.6081557369053625,1.7716888693360606,0.0,0.0,0.8116988563271655,0.584076165099357
1775421389,31875096,map,6.608144719606948,1.7716850138862164,0.0,0.0,0.8116949201532704,0.5840816352166672
1775421389,36675608,map,6.608143664833841,1.7716916304538635,0.0,0.0,0.8116952191355941,0.5840812197224114
1775421389,41136312,map,6.608136953183161,1.7716987607672388,0.0,0.0,0.8116947151044298,0.5840819201717671
1775421389,231591288,map,6.60813312533802,1.7716943853356186,0.0,0.0,0.8116967711991924,0.5840790628200997
1775421389,236500952,map,6.6081390696303846,1.7716935275631993,0.0,0.0,0.811695073240713,0.5840814224718618
1775421389,252723576,map,6.6081465576963305,1.7716890410057384,0.0,0.0,0.8116920370002315,0.5840856418971577
1775421389,431931160,map,6.608152128932047,1.7716901849738926,0.0,0.0,0.8116910047185282,0.5840870764355485
1775421389,445700024,map,6.6081531912492935,1.7716848826068117,0.0,0.0,0.8116904921777024,0.584087788699883
1775421389,633638488,map,6.608150581027404,1.7716865026389965,0.0,0.0,0.8116916142046333,0.5840862294472252
1775421389,640615064,map,6.608151045740464,1.7716889300367311,0.0,0.0,0.8116889940384372,0.5840898706165601
1775421389,832466776,map,6.6081519542780915,1.7716934142875786,0.0,0.0,0.811687378324929,0.584092115909814
1775421389,842569720,map,6.6081516982100155,1.7716870211361315,0.0,0.0,0.8116912832423528,0.5840866893778547
1775421390,15013432,map,6.608155488008813,1.7716780503084548,0.0,0.0,0.8116936269619317,0.5840834323531052
1775421390,20744728,map,6.608157711749271,1.7716791961421061,0.0,0.0,0.8116945367481749,0.5840821680321748
1775421390,25903576,map,6.608159385147083,1.7716902226170872,0.0,0.0,0.8116948617142751,0.5840817164289975
1775421390,213165688,map,6.60815625554372,1.7717038567058259,0.0,0.0,0.8116954105964024,0.584080953650038
1775421390,216458776,map,6.60814954355323,1.77169631633457,0.0,0.0,0.8116944495212775,0.5840822892507103
1775421390,224186360,map,6.608156454281637,1.7716974255913804,0.0,0.0,0.8116944153368778,0.584082336756492
1775421390,408459448,map,6.608142277805783,1.7716921328630066,0.0,0.0,0.8116923341435386,0.584085228962875
1775421390,424876184,map,6.608146507273623,1.7717031197977702,0.0,0.0,0.8116912982615935,0.5840866685059752
1775421390,613876568,map,6.608139486164557,1.7717046629841657,0.0,0.0,0.8116914918028617,0.5840863995462015
1775421390,620689048,map,6.608142096437497,1.771702859808312,0.0,0.0,0.8116936546484776,0.5840833938774479
1775421390,812749432,map,6.608124927453714,1.7716957650788565,0.0,0.0,0.8116907062754513,0.5840874911741041
1775421390,820776216,map,6.608133958185638,1.7717005389261313,0.0,0.0,0.81169156319701,0.584086300331376
1775421391,22872536,map,6.608124553736814,1.7717127656424232,0.0,0.0,0.8116925745867765,0.5840848948232528
1775421391,207250808,map,6.608134659057831,1.7717187103838112,0.0,0.0,0.8116986485221889,0.5840764538887457
1775421391,213447224,map,6.6081323752329215,1.7717221598226456,0.0,0.0,0.8117012154999629,0.5840728865097942
1775421391,412733176,map,6.60812174387448,1.7717158503166774,0.0,0.0,0.8117021132160639,0.584071638928459
1775421391,420143800,map,6.608121842516022,1.7717135944388689,0.0,0.0,0.8117045461970865,0.5840682577259115
1775421391,613684632,map,6.608122912824197,1.7717116813336364,0.0,0.0,0.8117088734651094,0.584062243890155
1775421391,619483288,map,6.6081288861593785,1.7717162444442471,0.0,0.0,0.8117104213982402,0.5840600926218905
1775421391,794591288,map,6.608132408373288,1.7717186032307382,0.0,0.0,0.8117103431018142,0.5840602014360634
1775421391,805426520,map,6.608124163263188,1.771727031658351,0.0,0.0,0.8117056625682574,0.5840667062541969
1775421391,997601272,map,6.608131033116909,1.7717249598526434,0.0,0.0,0.8117048720521763,0.5840678048709415
1775421392,3930392,map,6.6081282814189555,1.7717275292462082,0.0,0.0,0.8117046873862352,0.5840680615092851
1775421392,192940760,map,6.608129173700852,1.7717349426700155,0.0,0.0,0.8117065637320956,0.5840654538613231
1775421392,207917464,map,6.608143003007762,1.7717365967084442,0.0,0.0,0.8117071069478085,0.5840646989250583
1775421392,393517528,map,6.608139515322309,1.7717395705532692,0.0,0.0,0.8117052047879414,0.584067342453048
1775421392,396891608,map,6.608141709892607,1.7717419960215557,0.0,0.0,0.8117028265374694,0.584070647602739
1775421392,553546232,map,6.608140377728679,1.7717318218312763,0.0,0.0,0.8117019456546278,0.5840718717936103
1775421392,707507544,map,6.60814545839984,1.7717305512615624,0.0,0.0,0.8117052829875634,0.5840672337754272
1775421392,719916408,map,6.608147553529571,1.7717291918105724,0.0,0.0,0.8117066346366041,0.5840653553215757
1775421392,912621016,map,6.6081454954205,1.7717194178740425,0.0,0.0,0.8117050945817984,0.5840674956115549
1775421392,922700664,map,6.608147865251173,1.7717167861194312,0.0,0.0,0.8117012326452858,0.5840728626824941
1775421393,112663576,map,6.608146769888198,1.7717297490217292,0.0,0.0,0.8117013400338249,0.5840727134418222
1775421393,313128216,map,6.603291320092691,1.7862651035382222,0.0,0.0,0.811700794202205,0.5840734719977528
1775421393,317760920,map,6.60315268300798,1.786597626441035,0.0,0.0,0.8117011893077023,0.5840729229098551
1775421393,322655960,map,6.602998205744145,1.7869972897208926,0.0,0.0,0.8116993020349949,0.5840755456924235
1775421393,512772824,map,6.597604172804413,1.8032322352239791,0.0,0.0,0.8116976447480276,0.5840778488442314
1775421393,517104248,map,6.597478151438386,1.8036025548460768,0.0,0.0,0.81169786855117,0.5840775378230938
1775421393,712501080,map,6.5894442812851794,1.8277424821541555,0.0,0.0,0.8116986140334107,0.5840765018182466
1775421393,721988568,map,6.589056018572537,1.8290082342924006,0.0,0.0,0.8116963626992856,0.5840796305134685
1775421393,929717240,map,6.589056863987002,1.8290162483859413,0.0,0.0,0.811690833084537,0.5840873149508815
1775421393,942098232,map,6.588728874645594,1.8298848538784713,0.0,0.0,0.8116906723438845,0.5840875383278886
1775421394,127731384,map,6.5746192306086995,1.8715027265610797,0.0,0.0,0.8116900561177577,0.5840883946797363
1775421394,141165912,map,6.5735386064695485,1.8747058538479275,0.0,0.0,0.8116921758810262,0.5840854488972699
1775421394,332215960,map,6.5663994416734255,1.8983370189045332,0.0,0.0,0.8116950767612123,0.5840814175794412
1775421394,336721080,map,6.5661120623649785,1.8991132248542673,0.0,0.0,0.8116964783485893,0.5840794697954192
1775421394,346491608,map,6.565367539124967,1.901249051705098,0.0,0.0,0.8116950696039161,0.5840814275259004
1775421394,527874392,map,6.553210623677174,1.9374418424667557,0.0,0.0,0.8116957321566513,0.5840805067785415
1775421394,538364664,map,6.55228323411958,1.9401857529820306,0.0,0.0,0.8116933208775626,0.5840838577145872
1775421394,732125400,map,6.545480460274374,1.9598324562319889,0.0,0.0,0.8116909517199409,0.5840871500863348
1775421394,752346680,map,6.5447479620467295,1.9620928668212851,0.0,0.0,0.8116886056324809,0.5840904103701745
1775421394,932073112,map,6.5222726214617595,2.0309921109434517,0.0,0.0,0.8116912610882178,0.5840867201649244
1775421394,940227768,map,6.521142548572231,2.0343452226799146,0.0,0.0,0.8116912047832093,0.5840867984106319
1775421394,952878136,map,6.519639643765096,2.0390232293313706,0.0,0.0,0.8116915719168626,0.5840862882135932
1775421395,149147544,map,6.4901975091990245,2.1240851748696,0.0,0.0,0.8116884107867234,0.5840906811399437
1775421395,334349368,map,6.458925477835518,2.2150319811380266,0.0,0.0,0.8116888309268669,0.5840900972868621
1775421395,341664344,map,6.457592701259726,2.21874251292728,0.0,0.0,0.8116921727362717,0.584085453267474
1775421395,532261784,map,6.421528527529832,2.3297003770940723,0.0,0.0,0.811689072697416,0.5840897613069493
1775421395,540590712,map,6.4199302217479275,2.3346923552131424,0.0,0.0,0.8116903679482804,0.5840879613380036
1775421395,546501976,map,6.418723612628366,2.338368714941759,0.0,0.0,0.8116920558556255,0.584085615694196
1775421395,732059192,map,6.3776081210360545,2.4567373664745484,0.0,0.0,0.811690544306139,0.5840877162584434
1775421395,744284152,map,6.3748366890062815,2.4645615634954328,0.0,0.0,0.811693813027297,0.5840831737802481
1775421395,934485432,map,6.334248053243804,2.5946122343835167,0.0,0.0,0.8116950729189001,0.5840814229190836
1775421395,942355032,map,6.3324393405740445,2.5999929388914236,0.0,0.0,0.8116974465220488,0.5840781243203564
1775421396,111768376,map,6.297816173967353,2.707906414021899,0.0,0.0,0.8116952711809342,0.5840811473952139
1775421396,121717336,map,6.2955287231177675,2.7146302595583327,0.0,0.0,0.8116962789380493,0.5840797469165699
1775421396,314539256,map,6.252379824214405,2.8453439647351324,0.0,0.0,0.8116964084146012,0.5840795669828186
1775421396,332608024,map,6.2494404118370745,2.8546143628395537,0.0,0.0,0.8116976277823935,0.5840778724215077
1775421396,513150680,map,6.206402596014185,2.982448053893035,0.0,0.0,0.8116949512122887,0.5840815920541241
1775421396,519914872,map,6.204850522914182,2.9870441336066706,0.0,0.0,0.811693571427884,0.5840835095280866
1775421396,713346136,map,6.158964112512585,3.1268013115128537,0.0,0.0,0.8116896697469604,0.5840889316072256
1775421396,724952472,map,6.156231493886532,3.135048783991472,0.0,0.0,0.8116894127785256,0.5840892887078587
1775421396,916016792,map,6.115304601950628,3.2587482818902593,0.0,0.0,0.8116898360821624,0.5840887004564567
1775421396,926030104,map,6.113059450380209,3.2656050257210767,0.0,0.0,0.8116892813087978,0.5840894714069131
1775421397,112377720,map,6.0689552272383445,3.3969132737480026,0.0,0.0,0.8116910427111079,0.5840870236382197
1775421397,131875704,map,6.064525472937085,3.410115855157733,0.0,0.0,0.8116893724647738,0.5840893447305315
1775421397,321533560,map,6.0239871443585535,3.5338051467087954,0.0,0.0,0.8116958905305862,0.5840802866864782
1775421397,514357144,map,5.977498208911749,3.6657418153699695,0.0,0.0,0.811701086803069,0.5840730653631588
1775421397,522094488,map,5.975607542156607,3.6714226226701383,0.0,0.0,0.8117005720284958,0.5840737807577162
1775421397,712937048,map,5.931697181384473,3.804233233692333,0.0,0.0,0.8116994479369573,0.5840753429300357
1775421397,723355064,map,5.929287738859186,3.8114505318998235,0.0,0.0,0.8116992026598807,0.5840756837956138
1775421397,915785560,map,5.883197512923758,3.9408503634043894,0.0,0.0,0.8116967341009383,0.5840791143756732
1775421397,924220664,map,5.8812708332023105,3.9470274269686474,0.0,0.0,0.811695539486036,0.5840807745324896
1775421398,115883512,map,5.837798751379731,4.081171919885879,0.0,0.0,0.8116960038061951,0.5840801292674261
1775421398,127319288,map,5.834755733096455,4.090085702979514,0.0,0.0,0.8116961655161811,0.5840799045390351
1775421398,312383736,map,5.788422928829485,4.223344415791558,0.0,0.0,0.8116948118293768,0.5840817857537356
1775421398,317171512,map,5.787284574847745,4.2267912903188485,0.0,0.0,0.8116932469727376,0.5840839604190945
1775421398,324215960,map,5.785421681784885,4.232094384422796,0.0,0.0,0.8116912519552282,0.58408673285682
1775421398,512858200,map,5.735286732962748,4.36887733792132,0.0,0.0,0.8116904809663923,0.5840878042799275
1775421398,519211096,map,5.733868959440905,4.3730839693451475,0.0,0.0,0.8116908884604452,0.5840872379964256
1775421398,524827416,map,5.732511482794268,4.377300486310697,0.0,0.0,0.8116885080533177,0.5840905459722655
1775421398,712487512,map,5.688925402467854,4.508898742145072,0.0,0.0,0.8116880699399591,0.5840911548013238
1775421398,720140280,map,5.687065268768626,4.514527355724194,0.0,0.0,0.8116873092919326,0.584092211841951
1775421398,724592120,map,5.685870173627692,4.518175808349766,0.0,0.0,0.8116852677491927,0.5840950488738296
1775421398,912349848,map,5.643177580722057,4.650033324772124,0.0,0.0,0.8116837658220989,0.5840971360149407
1775421398,923129752,map,5.640711526346898,4.6578674202529395,0.0,0.0,0.8116836095007005,0.5840973532450857
1775421399,111284440,map,5.593926980323681,4.7964316029992435,0.0,0.0,0.8116838894393515,0.5840969642316305
1775421399,117121784,map,5.592601259113916,4.800219687336772,0.0,0.0,0.8116834135014086,0.5840976256129632
1775421399,313136152,map,5.589021253227687,4.811460692393186,0.0,0.0,0.8116830163797447,0.5840981774673493
1775421399,321510040,map,5.589012640217338,4.811448257889133,0.0,0.0,0.811681115245211,0.5841008193405404
1775421399,520351352,map,5.5965002133976505,4.789645230948114,0.0,0.0,0.8116837343736959,0.5840971797168443
1775421399,692654776,map,5.6097220288196255,4.750052075396341,0.0,0.0,0.811682887943052,0.5840983559473755
1775421399,699325752,map,5.6102564921637725,4.74851457551706,0.0,0.0,0.8116837897066548,0.584097102824045
1775421399,865565848,map,5.624519523547589,4.704250653072734,0.0,0.0,0.8116881318739247,0.5840910687341642
1775421400,52493752,map,5.6297837734068,4.688584997041291,0.0,0.0,0.8116897684882008,0.5840887943896638
1775421400,57059928,map,5.629779469566586,4.688596105576186,0.0,0.0,0.8116882070399777,0.5840909642788753
1775421400,232563576,map,5.629786656671179,4.688595779621872,0.0,0.0,0.8116873425215211,0.5840921656642477
1775421400,236069144,map,5.629788882111311,4.688596348007575,0.0,0.0,0.8116896074168947,0.5840890182253108
1775421400,242593464,map,5.629787578922166,4.688597838578792,0.0,0.0,0.8116901497465514,0.5840882645665986
1775421400,372622040,map,5.629793713650207,4.688605476347785,0.0,0.0,0.811690371278955,0.58408795670946
1775421400,377558136,map,5.629796662364598,4.6886088537147135,0.0,0.0,0.811690910185488,0.5840872078056958
1775421400,572131704,map,5.629790007626726,4.6886074528549715,0.0,0.0,0.8116919382548734,0.584085779121566
1775421400,575616472,map,5.629785711601813,4.6886094908496005,0.0,0.0,0.8116920397336866,0.5840856380985302
1775421400,583825080,map,5.629781880642045,4.688619148641935,0.0,0.0,0.81169191629822,0.5840858096342724
1775421400,772357720,map,5.629767917416024,4.688611967522927,0.0,0.0,0.8116929285431745,0.5840844029359155
1775421400,775557176,map,5.629761718995356,4.688611132840729,0.0,0.0,0.8116935669936134,0.5840835156903373
1775421400,786913528,map,5.6297675075620095,4.688624151921183,0.0,0.0,0.8116906327935715,0.5840875932898864
1775421400,968551256,map,5.629767839029713,4.688609853423606,0.0,0.0,0.8116907029514216,0.5840874957934188
1775421400,972984024,map,5.6297677232051955,4.68862821656275,0.0,0.0,0.8116875725398817,0.584091846017657
1775421400,980501976,map,5.629771617370731,4.688626557290497,0.0,0.0,0.8116855679936471,0.5840946316401397
1775421401,169243000,map,5.629765156054654,4.688619180815814,0.0,0.0,0.8116844644617238,0.5840961651573178
1775421401,174808312,map,5.629758403296257,4.688634473955412,0.0,0.0,0.8116800382399906,0.5841023159710355
1775421401,367228824,map,5.629757452733361,4.688628200137009,0.0,0.0,0.811680487940455,0.5841016910579399
1775421401,379052120,map,5.62975552351784,4.688629043882281,0.0,0.0,0.8116816182751347,0.5841001203169354
1775421401,576284056,map,5.629756178811633,4.6886315150885185,0.0,0.0,0.8116835580744143,0.584097424708977
1775421401,580373048,map,5.629754873365726,4.688629169837746,0.0,0.0,0.8116853485236799,0.5840949366258813
1775421401,586365400,map,5.629756864495864,4.688615949356198,0.0,0.0,0.8116906426237863,0.5840875796291038
1775421401,774543928,map,5.629756325715907,4.688609829202967,0.0,0.0,0.8116920155029014,0.5840856717715627
1775421401,786351864,map,5.629759041200193,4.688616993238252,0.0,0.0,0.8116899541873078,0.5840885363293874
1775421401,977994136,map,5.629761238373843,4.688611804868632,0.0,0.0,0.8116935832795363,0.5840834930579929
1775421402,1719416,map,5.62976611021394,4.688613312006845,0.0,0.0,0.8116942039526281,0.5840826305153315
1775421402,10308792,map,5.629760376599435,4.688609301575098,0.0,0.0,0.8116917369413643,0.5840860588826882
1775421402,23050680,map,5.6297584535645,4.688613600421822,0.0,0.0,0.8116981260465048,0.5840771799793179
1775421402,213413336,map,5.629747048245505,4.688611044467013,0.0,0.0,0.8117020783893009,0.5840716873282673
1775421402,218964568,map,5.629751535152739,4.688604342004135,0.0,0.0,0.8117031319152485,0.5840702232086282
1775421402,229354072,map,5.629741877122297,4.688601238714964,0.0,0.0,0.8117029897462371,0.5840704207859015
1775421402,430571384,map,5.629744177386765,4.688593960795165,0.0,0.0,0.8117059903439459,0.5840662507282491
1775421402,447464280,map,5.629741516182627,4.688598889613665,0.0,0.0,0.8117106339178036,0.5840597972680172
1775421402,458615224,map,5.629742393871954,4.6885912789308595,0.0,0.0,0.811710313194662,0.5840602430001752
1775421402,653019512,map,5.629738942503842,4.688586476361049,0.0,0.0,0.8117111547638516,0.584059073409475
1775421402,774384024,map,5.629743933165685,4.688575145571175,0.0,0.0,0.8117129563045349,0.5840565696637203
1775421402,782326616,map,5.6297441955563645,4.6885953840359145,0.0,0.0,0.8117112660863027,0.5840589186961975
1775421402,972958840,map,5.629741262917636,4.688598161781407,0.0,0.0,0.8117117282055758,0.5840582764532297
1775421402,976331000,map,5.629750840884604,4.6886050097849035,0.0,0.0,0.8117115985934982,0.5840584565852871
1775421402,988712504,map,5.629745574336245,4.688598997892955,0.0,0.0,0.8117089168913827,0.5840621835378647
1775421403,173794360,map,5.629743160424677,4.688599010136594,0.0,0.0,0.8117114363280018,0.5840586820982393
1775421403,178883800,map,5.629728058309691,4.688597401139305,0.0,0.0,0.8117142350496951,0.5840547924790005
1775421403,184273208,map,5.629736738112108,4.688591209196924,0.0,0.0,0.8117175288740356,0.5840502147235537
1775421403,372765688,map,5.629729725417908,4.688592655969289,0.0,0.0,0.8117174425317211,0.5840503347227549
1775421403,376434776,map,5.629725745837117,4.68859374473084,0.0,0.0,0.8117207480160197,0.5840457407089906
1775421403,552366328,map,5.629729156596001,4.688598000609458,0.0,0.0,0.8117212816133121,0.5840449991019887
1775421403,558348056,map,5.629732297800407,4.688602682174807,0.0,0.0,0.8117250214632669,0.5840398013238987
1775421403,568780248,map,5.629735646102962,4.688606824586895,0.0,0.0,0.8117252789861096,0.5840394434067983
1775421403,752061560,map,5.6297402176614755,4.688597082518815,0.0,0.0,0.8117243821406278,0.584040689882491
1775421403,758788184,map,5.629742833146666,4.6885888613757025,0.0,0.0,0.8117228312683394,0.5840428453441673
1775421403,953402456,map,5.629743881853367,4.688593151707167,0.0,0.0,0.8117237222234507,0.5840416070621222
1775421403,962862616,map,5.629740396385888,4.688572609554575,0.0,0.0,0.8117252227795868,0.5840395215252391
1775421404,154593752,map,5.629736287939533,4.688568668715768,0.0,0.0,0.8117296938730929,0.58403330734188
1775421404,161733816,map,5.629735661528718,4.688567381064223,0.0,0.0,0.8117300038949563,0.5840328764519119
1775421404,331947960,map,5.62973813811406,4.688553469711643,0.0,0.0,0.811728428124843,0.5840350665619073
1775421404,337021528,map,5.62973518997929,4.688551342191595,0.0,0.0,0.8117263779844901,0.5840379159645209
1775421404,343162520,map,5.629731653624116,4.688553142127724,0.0,0.0,0.811728134450992,0.5840354747279588
1775421404,533177176,map,5.6297410804445756,4.6885527847031145,0.0,0.0,0.8117307220196356,0.584031878350387
1775421404,556207224,map,5.629737818926256,4.6885559328715,0.0,0.0,0.8117283802530648,0.5840351330970901
1775421404,752538904,map,5.629731455959712,4.688565522079712,0.0,0.0,0.8117269156062389,0.5840371687490291
1775421404,764894296,map,5.62972339710491,4.688573253938194,0.0,0.0,0.8117281965453169,0.5840353884254681
1775421404,950362616,map,5.629726670662131,4.688566426868007,0.0,0.0,0.8117286724494097,0.5840347269842084
1775421404,956492024,map,5.629726361162638,4.688562103757792,0.0,0.0,0.8117274474548529,0.5840364295559216
