timestamp_sec,timestamp_nanosec,pos_x,pos_y,orient_x,orient_y,orient_z,orient_w
1775452235,758887919,-7.271712303161621,19.771425247192383,0.0,0.0,-0.926944873245678,0.37519755058309484
1775452235,779783377,-7.271712303161621,19.771425247192383,0.0,0.0,-0.926944873245678,0.37519755058309484
1775452235,799394252,-7.271712303161621,19.771425247192383,0.0,0.0,-0.926944873245678,0.37519755058309484
1775452235,819728835,-7.271712303161621,19.771425247192383,0.0,0.0,-0.926944873245678,0.37519755058309484
1775452235,838705585,-7.271712303161621,19.771425247192383,0.0,0.0,-0.926944873245678,0.37519755058309484
1775452235,860010502,-7.271712303161621,19.771425247192383,0.0,0.0,-0.926944873245678,0.37519755058309484
1775452235,877782044,-7.271712303161621,19.771425247192383,0.0,0.0,-0.926944873245678,0.37519755058309484
1775452235,899320835,-7.271712303161621,19.771425247192383,0.0,0.0,-0.926944873245678,0.37519755058309484
1775452235,917879044,-7.271712303161621,19.771425247192383,0.0,0.0,-0.926944873245678,0.37519755058309484
1775452235,939747210,-7.271712303161621,19.771425247192383,0.0,0.0,-0.926944873245678,0.37519755058309484
1775452235,962061377,-7.271712303161621,19.771425247192383,0.0,0.0,-0.926944873245678,0.37519755058309484
1775452235,979430127,-7.271712303161621,19.771425247192383,0.0,0.0,-0.926944873245678,0.37519755058309484
1775452235,999409085,-7.271712303161621,19.771425247192383,0.0,0.0,-0.926944873245678,0.37519755058309484
1775452236,19886127,-7.271712303161621,19.771425247192383,0.0,0.0,-0.926944873245678,0.37519755058309484
1775452236,39378085,-7.271712303161621,19.771425247192383,0.0,0.0,-0.926944873245678,0.37519755058309484
1775452236,59360044,-7.271712303161621,19.771425247192383,0.0,0.0,-0.926944873245678,0.37519755058309484
1775452236,79284627,-7.271712303161621,19.771425247192383,0.0,0.0,-0.926944873245678,0.37519755058309484
1775452236,98756002,-7.271712303161621,19.771425247192383,0.0,0.0,-0.926944873245678,0.37519755058309484
1775452236,118916419,-7.271712303161621,19.771425247192383,0.0,0.0,-0.926944873245678,0.37519755058309484
1775452236,140199794,-7.271712303161621,19.771425247192383,0.0,0.0,-0.926944873245678,0.37519755058309484
1775452236,160765669,-7.271712303161621,19.771425247192383,0.0,0.0,-0.926944873245678,0.37519755058309484
1775452236,179022210,-7.271712303161621,19.771425247192383,0.0,0.0,-0.926944873245678,0.37519755058309484
1775452236,198134294,-7.271712303161621,19.771425247192383,0.0,0.0,-0.926944873245678,0.37519755058309484
1775452236,218718710,-7.271712303161621,19.771425247192383,0.0,0.0,-0.926944873245678,0.37519755058309484
1775452236,239199585,-7.271712303161621,19.771425247192383,0.0,0.0,-0.926944873245678,0.37519755058309484
1775452236,258738460,-7.271712303161621,19.771425247192383,0.0,0.0,-0.926944873245678,0.37519755058309484
1775452236,281014669,-7.271712303161621,19.771425247192383,0.0,0.0,-0.926944873245678,0.37519755058309484
1775452236,300590669,-7.271712303161621,19.771425247192383,0.0,0.0,-0.926944873245678,0.37519755058309484
1775452236,321387960,-7.271712303161621,19.771425247192383,0.0,0.0,-0.926944873245678,0.37519755058309484
1775452236,338748710,-7.271712303161621,19.771425247192383,0.0,0.0,-0.926944873245678,0.37519755058309484
1775452236,359467544,-7.271712303161621,19.771425247192383,0.0,0.0,-0.926944873245678,0.37519755058309484
1775452236,379354627,-7.271712303161621,19.771425247192383,0.0,0.0,-0.926944873245678,0.37519755058309484
1775452236,398999877,-7.271712303161621,19.771425247192383,0.0,0.0,-0.926944873245678,0.37519755058309484
1775452236,418098044,-7.271712303161621,19.771425247192383,0.0,0.0,-0.926944873245678,0.37519755058309484
1775452236,438907961,-7.271712303161621,19.771425247192383,0.0,0.0,-0.926944873245678,0.37519755058309484
1775452236,460356252,-7.271712303161621,19.771425247192383,0.0,0.0,-0.926944873245678,0.37519755058309484
1775452236,479723002,-7.271712303161621,19.771425247192383,0.0,0.0,-0.926944873245678,0.37519755058309484
1775452236,497920877,-7.271712303161621,19.771425247192383,0.0,0.0,-0.926944873245678,0.37519755058309484
1775452236,517783461,-7.271712303161621,19.771425247192383,0.0,0.0,-0.926944873245678,0.37519755058309484
1775452236,539138211,-7.271712303161621,19.771425247192383,0.0,0.0,-0.926944873245678,0.37519755058309484
1775452236,559991586,-7.271712303161621,19.771425247192383,0.0,0.0,-0.926944873245678,0.37519755058309484
1775452236,578907169,-7.271712303161621,19.771425247192383,0.0,0.0,-0.926944873245678,0.37519755058309484
1775452236,599114002,-7.271712303161621,19.771425247192383,0.0,0.0,-0.926944873245678,0.37519755058309484
1775452236,618647586,-7.271712303161621,19.771425247192383,0.0,0.0,-0.926944873245678,0.37519755058309484
1775452236,639942002,-7.271712303161621,19.771425247192383,0.0,0.0,-0.926944873245678,0.37519755058309484
1775452236,657792627,-7.271712303161621,19.771425247192383,0.0,0.0,-0.926944873245678,0.37519755058309484
1775452236,678865836,-7.271712303161621,19.771425247192383,0.0,0.0,-0.926944873245678,0.37519755058309484
1775452236,699349877,-7.271712303161621,19.771425247192383,0.0,0.0,-0.926944873245678,0.37519755058309484
1775452236,718773752,-7.271712303161621,19.771425247192383,0.0,0.0,-0.926944873245678,0.37519755058309484
1775452236,739253877,-7.271712303161621,19.771425247192383,0.0,0.0,-0.926944873245678,0.37519755058309484
1775452236,758884419,-7.271712303161621,19.771425247192383,0.0,0.0,-0.926944873245678,0.37519755058309484
1775452236,780146502,-7.271712303161621,19.771425247192383,0.0,0.0,-0.926944873245678,0.37519755058309484
1775452236,800063252,-7.271712303161621,19.771425247192383,0.0,0.0,-0.926944873245678,0.37519755058309484
1775452236,819946627,-7.271712303161621,19.771425247192383,0.0,0.0,-0.926944873245678,0.37519755058309484
1775452236,839519752,-7.271712303161621,19.771425247192383,0.0,0.0,-0.926944873245678,0.37519755058309484
1775452236,858956336,-7.271712303161621,19.771425247192383,0.0,0.0,-0.926944873245678,0.37519755058309484
1775452236,877942377,-7.271712303161621,19.771425247192383,0.0,0.0,-0.926944873245678,0.37519755058309484
1775452236,898745336,-7.271712303161621,19.771425247192383,0.0,0.0,-0.926944873245678,0.37519755058309484
1775452236,920215669,-7.271712303161621,19.771425247192383,0.0,0.0,-0.926944873245678,0.37519755058309484
1775452236,938874877,-7.271712303161621,19.771425247192383,0.0,0.0,-0.926944873245678,0.37519755058309484
1775452236,962725919,-7.271712303161621,19.771425247192383,0.0,0.0,-0.926944873245678,0.37519755058309484
1775452236,978933919,-7.271712303161621,19.771425247192383,0.0,0.0,-0.926944873245678,0.37519755058309484
1775452236,999354044,-7.271712303161621,19.771425247192383,0.0,0.0,-0.926944873245678,0.37519755058309484
1775452237,20132669,-7.271712303161621,19.771425247192383,0.0,0.0,-0.926944873245678,0.37519755058309484
1775452237,39223252,-7.271712303161621,19.771425247192383,0.0,0.0,-0.926944873245678,0.37519755058309484
1775452237,59204252,-7.271712303161621,19.771425247192383,0.0,0.0,-0.926944873245678,0.37519755058309484
1775452237,80760669,-7.271712303161621,19.771425247192383,0.0,0.0,-0.926944873245678,0.37519755058309484
1775452237,98936211,-7.271712303161621,19.771425247192383,0.0,0.0,-0.926944873245678,0.37519755058309484
1775452237,119729503,-7.271712303161621,19.771425247192383,0.0,0.0,-0.926944873245678,0.37519755058309484
1775452237,139351086,-7.271712303161621,19.771425247192383,0.0,0.0,-0.926944873245678,0.37519755058309484
1775452237,159562794,-7.271712303161621,19.771425247192383,0.0,0.0,-0.926944873245678,0.37519755058309484
1775452237,180535794,-7.271712303161621,19.771425247192383,0.0,0.0,-0.926944873245678,0.37519755058309484
1775452237,199134169,-7.285074331681456,19.758488724089826,0.0,0.0,-0.926944873245678,0.37519755058309484
1775452237,217808044,-7.298490831275289,19.74549946451046,0.0,0.0,-0.926944873245678,0.37519755058309484
1775452237,240165419,-7.314553460275128,19.72994833985631,0.0,0.0,-0.926944873245678,0.37519755058309484
1775452237,258877253,-7.327997024113274,19.716932877876513,0.0,0.0,-0.926944873245678,0.37519755058309484
1775452237,279729919,-7.342978624974759,19.7024283566977,0.0,0.0,-0.926944873245678,0.37519755058309484
1775452237,299923461,-7.3574867728534485,19.6883822116884,0.0,0.0,-0.926944873245678,0.37519755058309484
1775452237,317755336,-7.370298266682003,19.675978691845184,0.0,0.0,-0.926944873245678,0.37519755058309484
1775452237,339341628,-7.385806935136851,19.660963887209927,0.0,0.0,-0.926944873245678,0.37519755058309484
1775452237,359206794,-7.400079212987572,19.6471461010955,0.0,0.0,-0.926944873245678,0.37519755058309484
1775452237,377732503,-7.413388997238322,19.634260158576048,0.0,0.0,-0.926944873245678,0.37519755058309484
1775452237,400506961,-7.429751388437832,19.61841881746146,0.0,0.0,-0.926944873245678,0.37519755058309484
1775452237,420614169,-7.444197528364361,19.60443270579998,0.0,0.0,-0.926944873245678,0.37519755058309484
1775452237,438707461,-7.457196587683566,19.59184759337152,0.0,0.0,-0.926944873245678,0.37519755058309484
1775452237,457927836,-7.471005690112625,19.578478233147965,0.0,0.0,-0.926944873245678,0.37519755058309484
1775452237,478883794,-7.486061460706942,19.56390190412494,0.0,0.0,-0.926944873245678,0.37519755058309484
1775452237,498802628,-7.5003722794119065,19.550046804465598,0.0,0.0,-0.926944873245678,0.37519755058309484
1775452237,519254378,-7.515065765976336,19.53582122276476,0.0,0.0,-0.926944873245678,0.37519755058309484
1775452237,538728711,-7.529057295115479,19.52227524509528,0.0,0.0,-0.926944873245678,0.37519755058309484
1775452237,559747919,-7.544158629564146,19.507654803170265,0.0,0.0,-0.926944873245678,0.37519755058309484
1775452237,579420169,-7.558144593735862,19.493821086433737,0.0,0.0,-0.9228750419236551,0.385099541669958
1775452237,599721169,-7.5722637438109155,19.47923452960584,0.0,0.0,-0.9185641972288912,0.3952718249119746
1775452237,619109211,-7.585443829833499,19.465016077035568,0.0,0.0,-0.9143425791726298,0.4049415364122864
1775452237,639410419,-7.598920044140004,19.44983321279689,0.0,0.0,-0.9098129899657356,0.4150184613840791
1775452237,658874253,-7.611522284888487,19.435000546275855,0.0,0.0,-0.9053659937485621,0.4246320964831539
1775452237,679919003,-7.624791275536553,19.418666678617676,0.0,0.0,-0.9004435123972568,0.43497296580556716
1775452237,699299586,-7.636677171472545,19.403359228704645,0.0,0.0,-0.8958058064102655,0.44444567407238184
1775452237,720925711,-7.64955579129077,19.385986446624628,0.0,0.0,-0.8905131054389896,0.45495759037673716
1775452237,739129419,-7.6600767193851915,19.371131597830548,0.0,0.0,-0.885962428693682,0.46375702144893977
1775452237,761931086,-7.672836606145639,19.35223521499373,0.0,0.0,-0.8801396557155421,0.4747148474999777
1775452237,778483295,-7.6818035150625805,19.338322530662662,0.0,0.0,-0.8758278275618245,0.4826236799705698
1775452237,798937336,-7.692535708260254,19.320910587886157,0.0,0.0,-0.8704014131574586,0.492342746441439
1775452237,820141378,-7.703249277230207,19.302612804489748,0.0,0.0,-0.8646622304011986,0.5023536874729044
1775452237,840852628,-7.713303599800403,19.28450602586602,0.0,0.0,-0.8589452090539171,0.5120675032096087
1775452237,858737545,-7.7216555574304415,19.268691259208854,0.0,0.0,-0.8539205518058074,0.5204033927672508
1775452237,879448003,-7.730940165326569,19.250179063470853,0.0,0.0,-0.8480010471615517,0.5299945509275654
1775452237,900065461,-7.739766197168042,19.23154698942668,0.0,0.0,-0.842001190103149,0.5394756675373605
1775452237,920734961,-7.748192684143946,19.212673651418733,0.0,0.0,-0.8358797364938971,0.5489126215700392
1775452237,938771586,-7.7551974204159,19.196052854109436,0.0,0.0,-0.8304515158097918,0.557090908101379
1775452237,959594670,-7.7628765712357195,19.176698022950635,0.0,0.0,-0.8240853209401969,0.5664656951757031
1775452237,979690378,-7.76986980864659,19.15785868324156,0.0,0.0,-0.8178410898023505,0.5754441344135013
1775452237,998221545,-7.775951956044542,19.140354486088835,0.0,0.0,-0.8119963539673033,0.5836625062001206
1775452238,17803461,-7.781993946054946,19.121728522303393,0.0,0.0,-0.8057304960541603,0.5922823378493713
1775452238,39196711,-7.788139487293647,19.10123742933515,0.0,0.0,-0.7987804220496673,0.6016226702428652
1775452238,60467128,-7.793775120041969,19.08072757361038,0.0,0.0,-0.7917628951506643,0.61082855030085
1775452238,79723253,-7.798466341768358,19.062052005911006,0.0,0.0,-0.7853184325978874,0.619092044385968
1775452238,98717378,-7.802709292427558,19.04353822490799,0.0,0.0,-0.7788771694245258,0.6271764942575883
1775452238,119121420,-7.80683972258607,19.02355723341605,0.0,0.0,-0.771865129442971,0.6357863021094318
1775452238,138169628,-7.810294381241688,19.00482526095778,0.0,0.0,-0.7652330628142056,0.6437533375260979
1775452238,158770920,-7.814047864940985,18.98456900679264,0.0,0.0,-0.7724022969180184,0.6351336014696194
1775452238,179045295,-7.818184250982328,18.9647214640066,0.0,0.0,-0.779362913594896,0.6265727802202029
1775452238,199192211,-7.822727438055448,18.945093967431873,0.0,0.0,-0.7861857556668038,0.6179902568702977
1775452238,220155378,-7.827910393629747,18.92478206636753,0.0,0.0,-0.7931847161317365,0.6089811212960683
1775452238,239728461,-7.833166802792358,18.905928500238495,0.0,0.0,-0.7996263528006529,0.6004978733573715
1775452238,259103753,-7.838764522337764,18.887379785640146,0.0,0.0,-0.8059135877082287,0.5920331824714313
1775452238,279247753,-7.844997678619567,18.868224847123432,0.0,0.0,-0.8123552370012862,0.5831629008403948
1775452238,298184711,-7.851238956880607,18.85034639948729,0.0,0.0,-0.8183218630035258,0.5747602356900124
1775452238,318718086,-7.858421275213636,18.831110393916873,0.0,0.0,-0.8246933425514432,0.5655801364540024
1775452238,337768670,-7.8654677775728965,18.81341126706712,0.0,0.0,-0.8305125895285175,0.5569998551477696
1775452238,358882586,-7.873704283574493,18.79397069189488,0.0,0.0,-0.8368577705240368,0.5474203795197423
1775452238,378919086,-7.881931659948621,18.775701754999044,0.0,0.0,-0.8427770030439447,0.5382628754988281
1775452238,399713503,-7.890889404993109,18.756936172971532,0.0,0.0,-0.8488141758765362,0.5286913039109274
1775452238,418900086,-7.89952927794032,18.739805473205703,0.0,0.0,-0.8542881324539854,0.5197997563949813
1775452238,438926170,-7.908926637125134,18.7221217750811,0.0,0.0,-0.8599022438003769,0.5104587457445285
1775452238,460461586,-7.919459893007458,18.70333846171645,0.0,0.0,-0.8658255868149483,0.5003459335465319
1775452238,479135587,-7.928947694393182,18.687254804122368,0.0,0.0,-0.8708655713925985,0.491521267660966
1775452238,498790087,-7.939284609965687,18.670538545493052,0.0,0.0,-0.8760730610330233,0.4821783816516753
1775452238,522090920,-7.951999047219532,18.651013042148016,0.0,0.0,-0.8821167688005825,0.4710307911387744
1775452238,540356962,-7.962309886016039,18.63593587386082,0.0,0.0,-0.8867554050140406,0.462238955171873
1775452238,561710212,-7.974740706765103,18.618574266347704,0.0,0.0,-0.8920669923519285,0.4519031767493832
1775452238,578908920,-7.985043996435404,18.6048038581849,0.0,0.0,-0.8962575080181725,0.443534079097712
1775452238,597793295,-7.9966519242283916,18.589908731771423,0.0,0.0,-0.9007683420765898,0.43429988937667446
1775452238,618210712,-8.009543691794487,18.574076564718638,0.0,0.0,-0.9055383144446023,0.4242644942401244
1775452238,638975795,-8.023012484807293,18.558272728711863,0.0,0.0,-0.9102748231780925,0.4140045244778039
1775452238,659749128,-8.036840456383477,18.54277132523516,0.0,0.0,-0.9148968693320345,0.40368764965805204
1775452238,678743045,-8.049787964074664,18.528874391691726,0.0,0.0,-0.9190207504728438,0.3942091579356457
1775452238,698931920,-8.063861650103464,18.514400175040652,0.0,0.0,-0.9232963563566876,0.3840883210128427
1775452238,719745462,-8.078700268818224,18.499805411504905,0.0,0.0,-0.9275876165697879,0.3736056926578877
1775452238,739166962,-8.092841125246194,18.48649336641937,0.0,0.0,-0.9314844830762806,0.36378105748941103
1775452238,758728795,-8.107365455937039,18.473390232707025,0.0,0.0,-0.9353043388278738,0.35384430724508464
1775452238,779094087,-8.122779143087994,18.460080679975118,0.0,0.0,-0.9391684650068358,0.3434568303829518
1775452238,798731045,-8.137917599161467,18.4475735431036,0.0,0.0,-0.9427851939303444,0.3334007770022781
1775452238,818731545,-8.153607331774975,18.4351705271558,0.0,0.0,-0.9463581639193518,0.32311952213258993
1775452238,840466795,-8.17095956583803,18.42208249890083,0.0,0.0,-0.9501138973225388,0.3119031614372901
1775452238,858081378,-8.18524615121769,18.41177918803954,0.0,0.0,-0.9530601180836594,0.30278112774471444
1775452238,881300462,-8.204375274591685,18.398619592733272,0.0,0.0,-0.9568098973656499,0.29071432765368543
1775452238,898719962,-8.21894142447758,18.389066591209428,0.0,0.0,-0.9595228106783962,0.2816309212210738
1775452238,919387920,-8.236454809831432,18.37809294456841,0.0,0.0,-0.962629730910559,0.27082097623165124
1775452238,940144962,-8.254287715682715,18.36747124375686,0.0,0.0,-0.9656274855290506,0.259929912074088
1775452238,959060378,-8.270743939507362,18.358144829863615,0.0,0.0,-0.9682520198472244,0.24997605097642875
1775452238,978541462,-8.287889139605952,18.348895810965196,0.0,0.0,-0.9708477676197002,0.23969691718469133
1775452238,999889878,-8.306897996954872,18.339180354056687,0.0,0.0,-0.9735669685988902,0.22840174616926073
1775452239,20485420,-8.325445829239387,18.330228434867035,0.0,0.0,-0.9760657618703041,0.21747558139833245
1775452239,39718337,-8.342943733518988,18.322246099437532,0.0,0.0,-0.9782885274304622,0.20724757440785113
1775452239,61318753,-8.362789588450042,18.31372018613079,0.0,0.0,-0.9806570935558384,0.1957336579605451
1775452239,78937128,-8.379121875848194,18.307112953735032,0.0,0.0,-0.9824887077856095,0.18632213790573346
1775452239,98710087,-8.397598481400403,18.30007223355531,0.0,0.0,-0.9844367401464235,0.17573930877832433
1775452239,121093128,-8.418691147448085,18.292584095366813,0.0,0.0,-0.9865043433197697,0.1637350927908553
1775452239,138852253,-8.435552645038845,18.287009722160008,0.0,0.0,-0.9880407138745316,0.15419321556510157
1775452239,159114295,-8.454917449080085,18.281049283615307,0.0,0.0,-0.9896808505779466,0.14328926686710336
1775452239,178883962,-8.473934164102682,18.275646574535614,0.0,0.0,-0.9911651716294091,0.13263333875328623
1775452239,199714129,-8.494091806724665,18.270398127955936,0.0,0.0,-0.9926049856900637,0.12138921856255751
1775452239,219115837,-8.512969777161572,18.265921784713928,0.0,0.0,-0.9938313393005578,0.11090206952108536
1775452239,238728087,-8.532144577464802,18.261802977446248,0.0,0.0,-0.9949584059017627,0.1002884366486148
1775452239,259156254,-8.552205270797732,18.257949119960692,0.0,0.0,-0.9960118169470628,0.08922141279878301
1775452239,280827170,-8.573574513832275,18.254349391249637,0.0,0.0,-0.996994759240805,0.07746902636776362
1775452239,298714504,-8.59127318395569,18.251758459392445,0.0,0.0,-0.9977016400139448,0.06776014694114016
1775452239,320472837,-8.612864279865926,18.24907210926707,0.0,0.0,-0.9984340251867543,0.055941910490933604
1775452239,338889712,-8.631144281813675,18.24683146664615,0.0,0.0,-0.9978231913654545,0.0659460292455851
1775452239,359713170,-8.651753821005558,18.24385731169277,0.0,0.0,-0.997011812683179,0.07724924187460787
1775452239,379119045,-8.67089506306009,18.24066583094296,0.0,0.0,-0.9961404103010688,0.08777404494050732
1775452239,399503462,-8.690924093234171,18.236878870674566,0.0,0.0,-0.9951054281756426,0.09881895979705008
1775452239,419069462,-8.710065596975594,18.232826829788365,0.0,0.0,-0.9939968056574872,0.10940909625214786
1775452239,438933379,-8.729405904632657,18.228297050921515,0.0,0.0,-0.9927560103397239,0.12014784198791895
1775452239,458725129,-8.748573766602735,18.223369021580048,0.0,0.0,-0.9914043626853729,0.13083344239302735
1775452239,479168879,-8.76825669966029,18.21784642066809,0.0,0.0,-0.9898874443578708,0.14185502283191537
1775452239,498758004,-8.786997433815,18.212144969676185,0.0,0.0,-0.9883189578962335,0.15239959797487362
1775452239,519707795,-8.806900673825199,18.205606787325664,0.0,0.0,-0.9865172145064283,0.16365752497968977
1775452239,539839420,-8.825881121146127,18.198898043840735,0.0,0.0,-0.9846650421964791,0.174455595141589
1775452239,559745504,-8.844499947648215,18.19185713571989,0.0,0.0,-0.9827174103578129,0.18511210489763746
1775452239,580651379,-8.863884737020536,18.184030210330796,0.0,0.0,-0.9805478127058561,0.19628037853479247
1775452239,599476129,-8.881183834428077,18.176606498635106,0.0,0.0,-0.9784855392609061,0.20631541255391891
1775452239,618622170,-8.8986180541444,18.168694310854566,0.0,0.0,-0.9762827737028554,0.21649929739160628
1775452239,637897587,-8.915999560673322,18.160363494964365,0.0,0.0,-0.9739580771615091,0.22672817189722136
1775452239,660453254,-8.936112086129564,18.15015437414203,0.0,0.0,-0.9711016550741794,0.2386662429255325
1775452239,680721670,-8.953966397450579,18.140561847007753,0.0,0.0,-0.9684100731183377,0.2493630491531088
1775452239,697993504,-8.969010875526584,18.13207842267591,0.0,0.0,-0.9660234471416751,0.2584544439016578
1775452239,719697087,-8.987685284195072,18.12101966949827,0.0,0.0,-0.9629034271041542,0.2698462341243151
1775452239,739981170,-9.004897428892011,18.11028824451803,0.0,0.0,-0.959866060916338,0.28045881177269666
1775452239,758761254,-9.020618622473405,18.100015955002572,0.0,0.0,-0.9569496153128911,0.2902540848162344
1775452239,779820545,-9.037993913972997,18.088117514843116,0.0,0.0,-0.9535603332816424,0.30120207634045826
1775452239,799175879,-9.053719194107115,18.076833080261828,0.0,0.0,-0.9503347833798893,0.3112294965106921
1775452239,819643879,-9.070085748631529,18.06454253709382,0.0,0.0,-0.9468091448946175,0.32179565432728147
1775452239,842082462,-9.087708420001036,18.05065355281397,0.0,0.0,-0.9428091135767214,0.33333312970161977
1775452239,858895879,-9.100687996541756,18.039966690427057,0.0,0.0,-0.9397197034479365,0.3419457251549174
1775452239,879387337,-9.116239403172283,18.026623451784523,0.0,0.0,-0.9358480589210062,0.3524037607826922
1775452239,902214129,-9.13320766599186,18.01135557076561,0.0,0.0,-0.9313982214805503,0.3640018585431506
1775452239,919329712,-9.145679066579198,17.999633481413287,0.0,0.0,-0.9279673280418625,0.37266155971181975
1775452239,939278296,-9.159935883095754,17.985681080032403,0.0,0.0,-0.923867045327933,0.3827135777014386
1775452239,959989796,-9.174413798810717,17.970871124224747,0.0,0.0,-0.9194947432038043,0.3931022986711854
1775452239,980187546,-9.188207724401462,17.95611764758588,0.0,0.0,-0.9151183446293658,0.4031853361951662
1775452239,999705337,-9.201225899848533,17.941576263894337,0.0,0.0,-0.9107842828031055,0.4128825380163622
1775452240,18053879,-9.213179964161965,17.927656674328908,0.0,0.0,-0.9066161381026429,0.42195636993870544
1775452240,39816337,-9.22699452874365,17.91084159677142,0.0,0.0,-0.9015552555062631,0.43266398194099376
1775452240,58126046,-9.238305995251547,17.896444345861703,0.0,0.0,-0.8971993883412783,0.4416256984823642
1775452240,79351462,-9.25105681584254,17.879475949117833,0.0,0.0,-0.8920383183357014,0.45195977544557436
1775452240,97741171,-9.261784418760854,17.864540099260676,0.0,0.0,-0.8874706270304119,0.4608642817123578
1775452240,120155962,-9.274452601246072,17.846049282475953,0.0,0.0,-0.881782975388561,0.4716553660406043
1775452240,138933421,-9.284715390514544,17.830324732311396,0.0,0.0,-0.8769171848553731,0.48064149935823014
1775452240,160768837,-9.296242267460856,17.811780456146366,0.0,0.0,-0.8711439363145302,0.49102774078704114
1775452240,179383837,-9.305718825952805,17.795758549711284,0.0,0.0,-0.8661249717899943,0.49982750348673455
1775452240,199687212,-9.31568251413398,17.7780684463262,0.0,0.0,-0.8605494322271556,0.5093669352181392
1775452240,219619837,-9.325081561211096,17.7604915516972,0.0,0.0,-0.8549735628998919,0.5186715788842344
1775452240,239171421,-9.333928393746008,17.743056503944363,0.0,0.0,-0.8494065315147764,0.5277390872581235
1775452240,259056546,-9.342543633929447,17.725134801460793,0.0,0.0,-0.8436458235824683,0.536900106492687
1775452240,280469796,-9.351384711385988,17.70563262400565,0.0,0.0,-0.8373320633493242,0.5466946274540874
1775452240,299089587,-9.358701362087517,17.688510717442437,0.0,0.0,-0.8317493983069626,0.5551512752538768
1775452240,318715421,-9.366035903595453,17.670307516259484,0.0,0.0,-0.8257727816301911,0.5640029371543527
1775452240,338729504,-9.373113421106751,17.651587072662412,0.0,0.0,-0.8195808827586916,0.5729635037386621
1775452240,358241337,-9.379619236452585,17.633192079159805,0.0,0.0,-0.8134507196327009,0.5816338424894488
1775452240,380917879,-9.386687362535463,17.611645903490217,0.0,0.0,-0.8062111488180914,0.5916279096876798
1775452240,400875379,-9.39246644127581,17.59254380709195,0.0,0.0,-0.7997379905243543,0.6003491871503348
1775452240,419066712,-9.397371506963056,17.575026550378666,0.0,0.0,-0.7937554894449448,0.608236979290158
1775452240,439745712,-9.402974332165492,17.555121247664385,0.0,0.0,-0.8005500942420903,0.599265839681339
1775452240,458852462,-9.408547987765159,17.53684625728759,0.0,0.0,-0.8067378115178967,0.5909095560805516
1775452240,480713837,-9.415389908102231,17.516083476043082,0.0,0.0,-0.813710772811424,0.581269970160712
1775452240,499719129,-9.421737887703632,17.498170027164665,0.0,0.0,-0.8196791507790877,0.5728229131049783
1775452240,519194587,-9.428625863054972,17.47995368456888,0.0,0.0,-0.8257042064932085,0.564103326864344
1775452240,539094462,-9.436061134271066,17.461495485938702,0.0,0.0,-0.8317647405561097,0.555128288206994
1775452240,558934462,-9.44387027457164,17.443257401782667,0.0,0.0,-0.8377099390709015,0.5461154255117012
1775452240,578800921,-9.452082601380747,17.425168211561367,0.0,0.0,-0.8435652142834931,0.537026749101797
1775452240,598118796,-9.460441511098491,17.407752586002726,0.0,0.0,-0.8491643177049581,0.5281287357611522
1775452240,618859046,-9.469821102811277,17.38925518270356,0.0,0.0,-0.8550710620005973,0.5185108281696444
1775452240,639372671,-9.479506637139087,17.371172648497815,0.0,0.0,-0.8608061497966403,0.5089329744399395
1775452240,658970463,-9.48913467489404,17.35410341102527,0.0,0.0,-0.8661850190231263,0.4997234363324441
1775452240,679290629,-9.49949969540733,17.336626022346437,0.0,0.0,-0.8716581136189963,0.4901144080336478
1775452240,699195171,-9.51002505819307,17.319732388025713,0.0,0.0,-0.8769159375885602,0.48064377495519106
1775452240,719136004,-9.520934069631048,17.303040609110663,0.0,0.0,-0.8820801575299713,0.4710993480062365
1775452240,737749588,-9.53144164269173,17.287676875750357,0.0,0.0,-0.8868069184301838,0.46214011882151224
1775452240,760843546,-9.54490757045861,17.268915993040768,0.0,0.0,-0.8925448904488376,0.4509585552283852
1775452240,778935254,-9.555783563198737,17.25445877888462,0.0,0.0,-0.896941553497518,0.4421491259851804
1775452240,799713754,-9.568623215717233,17.238122394150334,0.0,0.0,-0.901883908176659,0.43197849040432057
1775452240,819605921,-9.581258254259945,17.222758781614598,0.0,0.0,-0.9065073768820275,0.4221899757910717
1775452240,839423421,-9.594173542246702,17.207728559989267,0.0,0.0,-0.9110078100619187,0.4123891002514337
1775452240,860362213,-9.608168562810404,17.192154323651078,0.0,0.0,-0.9156478003082705,0.40198147443710075
1775452240,877813088,-9.620100937849388,17.179420902188184,0.0,0.0,-0.9194240354207828,0.39326764816160925
1775452240,898222296,-9.634360051667564,17.164819466182262,0.0,0.0,-0.923735250431851,0.38303157455959874
1775452240,918957421,-9.64917502333679,17.150313268943243,0.0,0.0,-0.9279985123515154,0.3725838980328784
1775452240,939470504,-9.664150178797122,17.136294618626255,0.0,0.0,-0.9320999607171229,0.3622011364299373
1775452240,959715838,-9.67923293766701,17.12279030357949,0.0,0.0,-0.936033935236621,0.3519097499152944
1775452240,980855379,-9.695295303815076,17.109047879967605,0.0,0.0,-0.94002037225847,0.34111830754013683
1775452240,999383463,-9.709630421953582,17.097309575041145,0.0,0.0,-0.9434121103801685,0.3316226620543851
1775452241,20088046,-9.725925631522628,17.084537549033783,0.0,0.0,-0.9470887401472066,0.3209718341013382
1775452241,38887671,-9.74096769012582,17.073261204895548,0.0,0.0,-0.9503229911537439,0.3112655015972718
1775452241,59234713,-9.757504043969465,17.061406361700676,0.0,0.0,-0.953711339255878,0.3007235963052444
1775452241,81890379,-9.776220183022245,17.0486411266667,0.0,0.0,-0.9573464861832031,0.28894239113130166
1775452241,99293671,-9.790807932930994,17.039150837874868,0.0,0.0,-0.9600401086362311,0.2798624480164024
1775452241,119726754,-9.808161014685977,17.028363414845543,0.0,0.0,-0.963092747325514,0.2691697606511431
1775452241,140949296,-9.826433609542736,17.01757080079839,0.0,0.0,-0.966137202843664,0.258028884587406
1775452241,158874963,-9.842058596340609,17.008785487868096,0.0,0.0,-0.9686083599566444,0.24859172355913156
1775452241,180458713,-9.861095074371264,16.99861438617444,0.0,0.0,-0.9714614640561421,0.2371974364403987
1775452241,199108879,-9.877732623001785,16.990187964564914,0.0,0.0,-0.9738188352825278,0.2273254848207325
1775452241,217952129,-9.894712864938883,16.98201892984981,0.0,0.0,-0.9760987650255604,0.21732740488851365
1775452241,241662088,-9.916050998584454,16.971683672524147,0.0,0.0,-0.9732133592816393,0.2299038001333315
1775452241,260197129,-9.93254176100694,16.96322284658505,0.0,0.0,-0.97084487518817,0.23970863213673926
1775452241,280705921,-9.950585608184499,16.953475456974232,0.0,0.0,-0.9681090533147391,0.25052916175575196
1775452241,300831921,-9.968076955152121,16.94352072642109,0.0,0.0,-0.9653070337493544,0.26111746512637324
1775452241,319445838,-9.9840563536714,16.933974989548066,0.0,0.0,-0.9626124757089536,0.27088230213411757
1775452241,339729838,-10.001245561999454,16.923206415100356,0.0,0.0,-0.9595636540779062,0.28149172949246
1775452241,357738046,-10.016303430064646,16.913330278980244,0.0,0.0,-0.956758960473049,0.29088192029504106
1775452241,377789338,-10.032838599343862,16.901988584127388,0.0,0.0,-0.9535278905691654,0.3013047658214482
1775452241,401993005,-10.05246205559403,16.887821813789976,0.0,0.0,-0.9494765567240638,0.3138379649300187
1775452241,418261838,-10.065439511122204,16.878011089369117,0.0,0.0,-0.9466607796489742,0.32223185484119393
1775452241,439730088,-10.082295074505803,16.864715930387543,0.0,0.0,-0.9428315149186492,0.33326976231906336
1775452241,459164546,-10.097282111103423,16.852343680076274,0.0,0.0,-0.9392540423049639,0.34322273236746004
1775452241,479572671,-10.112734613477903,16.83901342214808,0.0,0.0,-0.935384246481762,0.35363301801973507
1775452241,499903171,-10.127830097273685,16.82539593889234,0.0,0.0,-0.9314144674009182,0.3639602861800502
1775452241,519048296,-10.141766687601057,16.812270022994404,0.0,0.0,-0.9275719097508865,0.3736446871575898
1775452241,538832171,-10.155877820970712,16.79840400675428,0.0,0.0,-0.9234953248373332,0.383609677932646
1775452241,563599463,-10.173117064222913,16.780622455034216,0.0,0.0,-0.9182410938272741,0.39602183476027053
1775452241,580320171,-10.184481959929283,16.768357724674537,0.0,0.0,-0.9145994261702324,0.4043610881985081
1775452241,598719546,-10.196727265124691,16.754625530112538,0.0,0.0,-0.9105047527397687,0.41349860367151486
1775452241,618761880,-10.20975028644501,16.739391241064922,0.0,0.0,-0.9059405297583626,0.42340495573521264
1775452241,639349588,-10.222778185619662,16.72345075889601,0.0,0.0,-0.9011399804618353,0.43352824084855535
1775452241,660263171,-10.23564340223682,16.70696300526638,0.0,0.0,-0.8961475628459421,0.4437561781037851
1775452241,678775296,-10.246715716139434,16.692127384843097,0.0,0.0,-0.8916315117669352,0.4527617996521015
1775452241,698723546,-10.258309683380851,16.67589480237106,0.0,0.0,-0.886663865073927,0.4624145222332067
1775452241,718858546,-10.269651984383751,16.659258960918272,0.0,0.0,-0.8815437644697115,0.4721023102300705
1775452241,738902505,-10.280942298636061,16.642697609903003,0.0,0.0,-0.8866410046594453,0.4624583536454818
1775452241,759751838,-10.293066679072501,16.625736448667368,0.0,0.0,-0.8918311020390265,0.4523685283437116
1775452241,778883421,-10.304527847975388,16.610418793170805,0.0,0.0,-0.8964924677712902,0.44305897488860585
1775452241,798905255,-10.316861595768724,16.59464700046953,0.0,0.0,-0.9012668424220835,0.4332644443645557
1775452241,818837921,-10.329478749800087,16.57921630901459,0.0,0.0,-0.9059136089167855,0.42346255227512797
1775452241,838766755,-10.342425014304798,16.56406601199977,0.0,0.0,-0.9104528646615718,0.41361283977838215
1775452241,859043838,-10.355931662923181,16.54894280371132,0.0,0.0,-0.9149615449562659,0.40354104035555416
1775452241,878949421,-10.369512349156272,16.534390104073488,0.0,0.0,-0.9192792621845077,0.39360594268571086
1775452241,899140796,-10.383606872445087,16.51993251463992,0.0,0.0,-0.9235487724190046,0.38348098383537843
1775452241,918716005,-10.397571307747825,16.506215177577626,0.0,0.0,-0.9275815085572295,0.3736208572640108
1775452241,939042505,-10.412377684120296,16.49228945970357,0.0,0.0,-0.9316576506639783,0.36333733906560783
1775452241,959872255,-10.427866278421066,16.478362495536626,0.0,0.0,-0.9357163989745608,0.35275320082187855
1775452241,979483047,-10.44273365101713,16.465574480996736,0.0,0.0,-0.9394277790975554,0.34274691517187245
1775452241,998875463,-10.457700361982072,16.45324390768444,0.0,0.0,-0.9429925665740398,0.33281379085925067
1775452242,18470922,-10.473084971421239,16.441107694197903,0.0,0.0,-0.946488054025938,0.32273884734595076
1775452242,40211880,-10.490452339986733,16.42803024151211,0.0,0.0,-0.9502402456988291,0.31151801786450317
1775452242,58936172,-10.50565432998893,16.417099406794733,0.0,0.0,-0.9533651978463837,0.3018191503787086
1775452242,80709880,-10.523607990154,16.404781009016272,0.0,0.0,-0.9568746014416173,0.29050128591100266
1775452242,99098255,-10.53899413082223,16.394711615846905,0.0,0.0,-0.9597337512024369,0.2809112436391591
1775452242,117877880,-10.554912000198959,16.384748161054258,0.0,0.0,-0.9625544611732572,0.27108837908597383
1775452242,139691088,-10.573652692212974,16.37358625215647,0.0,0.0,-0.9657046751763992,0.25964298631475724
1775452242,159251338,-10.59067886387414,16.36395807406955,0.0,0.0,-0.9684137938164518,0.24934859924616934
1775452242,177777255,-10.606989914460941,16.35517537104527,0.0,0.0,-0.9708784249198378,0.2395727113533069
1775452242,199241922,-10.62610569624822,16.34541296208156,0.0,0.0,-0.9736106625519096,0.2282154196482603
1775452242,220384255,-10.645152308710461,16.33623628483304,0.0,0.0,-0.9761719966774964,0.2169982324874327
1775452242,240724047,-10.6636703863986,16.327823888419037,0.0,0.0,-0.9785141195927797,0.20617981898713394
1775452242,258865255,-10.680340248062665,16.32066832865292,0.0,0.0,-0.9805019192150594,0.19650950718880056
1775452242,279343338,-10.699323298581124,16.312988153036432,0.0,0.0,-0.9826309818153734,0.18557034670591954
1775452242,298725505,-10.717443848017949,16.306110441151958,0.0,0.0,-0.9845336815001111,0.17519540516759513
1775452242,319091922,-10.736480612968691,16.298873309283778,0.0,0.0,-0.982531447977658,0.1860966247273894
1775452242,338954422,-10.75488732729833,16.291410537086968,0.0,0.0,-0.980462506507775,0.19670605819976972
1775452242,359163588,-10.773445477632999,16.28341085593637,0.0,0.0,-0.9782398558308381,0.20747719022596478
1775452242,380531463,-10.792871017948835,16.27451084576733,0.0,0.0,-0.9757611059196872,0.21883844309076234
1775452242,400716672,-10.811026737452861,16.26569058170172,0.0,0.0,-0.9732983380180051,0.22954377624189468
1775452242,419714838,-10.827933870784575,16.25702654477875,0.0,0.0,-0.9708731092247691,0.23959425240232615
1775452242,438448630,-10.844426773175934,16.248142569295002,0.0,0.0,-0.9683800084423736,0.24947977723484602
1775452242,459876088,-10.86306445185012,16.237571415516957,0.0,0.0,-0.9654050481560226,0.26075485229400364
1775452242,477775630,-10.878441117802533,16.228409506065976,0.0,0.0,-0.9628192452035121,0.2701464437406853
1775452242,498812588,-10.896280828625338,16.217261186353568,0.0,0.0,-0.9596634125461506,0.281151444279194
1775452242,520174922,-10.91413009127779,16.20552572129329,0.0,0.0,-0.9563301214088884,0.29228872521200805
1775452242,540382172,-10.930759170988614,16.194045457020586,0.0,0.0,-0.9530580359123907,0.30278768168935827
1775452242,559726588,-10.9464378134296,16.182715432998666,0.0,0.0,-0.9498177198045362,0.3128039308341753
1775452242,579692380,-10.962366355314682,16.170677887062812,0.0,0.0,-0.9463629013121325,0.32310564684029097
1775452242,598894588,-10.977435448814862,16.15877684816509,0.0,0.0,-0.9429348173016838,0.3329773720844108
1775452242,618157922,-10.99229922432401,16.1465241725508,0.0,0.0,-0.9393923748666305,0.34284393831951004
1775452242,639005838,-11.008092500018826,16.132915557976933,0.0,0.0,-0.9354421852287671,0.35347972798228317
1775452242,659778963,-11.023517917630349,16.119002873147277,0.0,0.0,-0.9313864136881242,0.36403207056133696
1775452242,677883547,-11.03670224635542,16.106595709196668,0.0,0.0,-0.9277545697506828,0.373190914019521
1775452242,699158589,-11.05187917521381,16.09168739148009,0.0,0.0,-0.9233716897534152,0.38390717961757725
1775452242,719771214,-11.06625074579266,16.076911592813804,0.0,0.0,-0.9190071443967744,0.39424087630240234
1775452242,739051255,-11.079390100399209,16.062802388453306,0.0,0.0,-0.9148200659918829,0.4038616679738335
1775452242,759360214,-11.0929071454322,16.04764564015485,0.0,0.0,-0.9103006593069936,0.41394771368525857
1775452242,778840880,-11.10555495543871,16.032829862295138,0.0,0.0,-0.9058611302229923,0.4235748018368456
1775452242,798923672,-11.118262058150881,16.0172787084395,0.0,0.0,-0.901177720965498,0.4334497839836019
1775452242,818736297,-11.130462075092662,16.001668363891884,0.0,0.0,-0.8964518782842479,0.44314109482268055
1775452242,842067214,-11.144392957190174,15.982953839494964,0.0,0.0,-0.8907532362405236,0.4544872628875686
1775452242,858912714,-11.154153679829566,15.969224672541653,0.0,0.0,-0.8865493612543184,0.4626340130811396
1775452242,878715672,-11.16530388946512,15.95285951685875,0.0,0.0,-0.8815121547932815,0.47216132936921645
1775452242,899364380,-11.176551673065068,15.935543942291922,0.0,0.0,-0.8761508774991704,0.4820369693886909
1775452242,919120130,-11.186946375265942,15.91874428889536,0.0,0.0,-0.8709177980710735,0.49142872219990646
1775452242,940116880,-11.197595325632815,15.90064880169524,0.0,0.0,-0.8652456618692056,0.5013481271696548
1775452242,961622172,-11.208070616921283,15.881867761069142,0.0,0.0,-0.8593190410675903,0.5114399140257604
1775452242,978784880,-11.216113357371611,15.866706650448334,0.0,0.0,-0.8545047556992832,0.5194435700702323
1775452242,999754630,-11.225553706302291,15.847982439530973,0.0,0.0,-0.8485213396252207,0.5291611627856119
1775452243,19868880,-11.234205063031766,15.82982429417975,0.0,0.0,-0.8426782357205128,0.5384174876830838
1775452243,38832255,-11.241995562923512,15.812535468505505,0.0,0.0,-0.8370769660441613,0.5470851422935027
1775452243,59393505,-11.250037433620136,15.793612356405681,0.0,0.0,-0.8309029361123936,0.5564173889804338
1775452243,78836589,-11.257250468972805,15.775557430274963,0.0,0.0,-0.8249690948089374,0.5651778415774298
1775452243,98917880,-11.2642976502239,15.756753477742782,0.0,0.0,-0.8187433648256249,0.574159649012375
1775452243,117743255,-11.270529308407395,15.738989872290778,0.0,0.0,-0.8128182794399139,0.5825173341698408
1775452243,137764797,-11.27675612975106,15.719961514959666,0.0,0.0,-0.8064230415741046,0.5913390550423421
1775452243,158703880,-11.2828230151473,15.699921296904837,0.0,0.0,-0.7996324300943822,0.6004897807135046
1775452243,179426630,-11.288376132066693,15.679956781770041,0.0,0.0,-0.7928096384793801,0.6094693406022936
1775452243,198715589,-11.293139193991285,15.66126545380488,0.0,0.0,-0.7863683007363875,0.6177579587483809
1775452243,221220422,-11.298198853008499,15.63933761500002,0.0,0.0,-0.7787436949945977,0.6273422172197253
1775452243,239423922,-11.301897675320804,15.621513927004614,0.0,0.0,-0.77249071378472,0.6350260601868035
1775452243,259174089,-11.305510449736374,15.602097438866485,0.0,0.0,-0.7656208229805223,0.6432921229259907
1775452243,278957172,-11.308710008209284,15.582575256974692,0.0,0.0,-0.7586508199560354,0.6514974546228366
1775452243,297721422,-11.311734538859211,15.564056689733336,0.0,0.0,-0.7652640504223086,0.6437165005895393
1775452243,319431422,-11.315704889525415,15.542713424575801,0.0,0.0,-0.7728158238631981,0.6346303667385026
1775452243,339118089,-11.319740317103555,15.523445144687333,0.0,0.0,-0.7795705865525344,0.6263143783932613
1775452243,358735714,-11.324171318332349,15.504334933540234,0.0,0.0,-0.786212616625235,0.6179560837626742
1775452243,379206506,-11.329228963659864,15.484499135108654,0.0,0.0,-0.7930479997715284,0.6091591500243412
1775452243,398839881,-11.334493701633422,15.465585276015572,0.0,0.0,-0.7995112583315779,0.6006511032213767
1775452243,420218047,-11.340684603861574,15.445123284325796,0.0,0.0,-0.8064452148764373,0.5913088155971437
1775452243,438985881,-11.346510654552032,15.427282979744259,0.0,0.0,-0.8124424700428445,0.5830413646309168
1775452243,459132797,-11.353168836281176,15.408268822368884,0.0,0.0,-0.8187859749489972,0.5740988827953074
1775452243,481746339,-11.361136926638645,15.387105976782962,0.0,0.0,-0.8257890270994022,0.5639791509641316
1775452243,499663631,-11.36781848564425,15.37048156453951,0.0,0.0,-0.8312488786960991,0.5559004422254743
1775452243,518718089,-11.375278480986438,15.352948304997767,0.0,0.0,-0.8369686276713445,0.547250871441925
1775452243,539096047,-11.383657020991025,15.334373030889061,0.0,0.0,-0.8429859692972989,0.5379355496413055
1775452243,559793714,-11.392586590264665,15.315701259142303,0.0,0.0,-0.8489915901785405,0.5284063585973516
1775452243,578911297,-11.401206253832536,15.298637537257788,0.0,0.0,-0.8544430807285506,0.5195450142144601
1775452243,598968006,-11.410628901158027,15.280932454885654,0.0,0.0,-0.8600629461730622,0.5101879346085247
1775452243,618738089,-11.420292968403375,15.263685734254606,0.0,0.0,-0.8655022352629598,0.5009050616182873
1775452243,639091672,-11.43062751257162,15.24615155381911,0.0,0.0,-0.870997362669851,0.49128768987444016
1775452243,659155547,-11.44119254116224,15.229095359313176,0.0,0.0,-0.8763096298168647,0.48174830844563393
1775452243,680755589,-11.452980063141611,15.210995539390195,0.0,0.0,-0.8819119461924114,0.4714141694551759
1775452243,700198339,-11.463951508154931,15.194944507307982,0.0,0.0,-0.8868505073244343,0.46205646587662164
1775452243,718721297,-11.474717617463547,15.1798720165771,0.0,0.0,-0.8914630846470308,0.4530933333338736
1775452243,741296797,-11.488246687685942,15.161800019126797,0.0,0.0,-0.8969623200176684,0.4421069966292344
1775452243,758932714,-11.499121942574641,15.147916881532726,0.0,0.0,-0.9011641104238236,0.43347808028092805
1775452243,778333422,-11.511390791989921,15.132888757962169,0.0,0.0,-0.905690464664739,0.42393959736661674
1775452243,799680839,-11.525254008829606,15.116656159108343,0.0,0.0,-0.91055432009723,0.4133894412684862
1775452243,819111047,-11.538197171623013,15.102164752390998,0.0,0.0,-0.9148746071050163,0.40373809985489595
1775452243,839715422,-11.552253676875528,15.087100649702272,0.0,0.0,-0.9193441090315702,0.3934544563084125
1775452243,858158089,-11.565119451931182,15.07388702663344,0.0,0.0,-0.9232467624131515,0.3842075164460397
1775452243,878245464,-11.579430970266253,15.059792287666065,0.0,0.0,-0.9273915518254853,0.37409211379380636
1775452243,900102756,-11.595349511134021,15.044815057867165,0.0,0.0,-0.9317756475337172,0.3630346301155332
1775452243,919435464,-11.609723028904432,15.031886459060232,0.0,0.0,-0.9355435519594235,0.35321135653761965
1775452243,938726964,-11.624333689250092,15.01928990872341,0.0,0.0,-0.9392001456546912,0.343370188575256
1775452243,958791047,-11.639806828754677,15.006517115234429,0.0,0.0,-0.9428934207910623,0.333094576702967
1775452243,980365131,-11.65675085595688,14.99316396483808,0.0,0.0,-0.9467391027703683,0.3220016634825944
1775452244,3066089,-11.674913518910426,14.97954677005588,0.0,0.0,-0.9506448075946169,0.3102812430576392
1775452244,17873256,-11.686939305746169,14.970908336421,0.0,0.0,-0.9531141994531116,0.30261084382562087
1775452244,39234089,-11.704529867033678,14.958790220615311,0.0,0.0,-0.9565675533121741,0.29151074757264256
1775452244,60074881,-11.72195903200285,14.947364460270189,0.0,0.0,-0.9598122231625651,0.2806430050219218
1775452244,81233548,-11.739914461925384,14.93617191214059,0.0,0.0,-0.9629800656604711,0.26957261200009663
1775452244,99610756,-11.75571499737067,14.926788503242085,0.0,0.0,-0.9656278565127869,0.2599285338829127
1775452244,117717964,-11.771463981897506,14.917853812956825,0.0,0.0,-0.96814229856464,0.25040065840563497
1775452244,140465673,-11.791493643087003,14.907072041359557,0.0,0.0,-0.9711678868566638,0.2383965929671863
1775452244,160711881,-11.809540439755748,14.897895556048601,0.0,0.0,-0.9737355928945727,0.22768178480118928
1775452244,178018089,-11.825123620206421,14.890368513993165,0.0,0.0,-0.9758367183112406,0.21850102790501538
1775452244,199098006,-11.844292252405275,14.881598612815072,0.0,0.0,-0.978279087901374,0.20729212762393032
1775452244,219248381,-11.862798868094224,14.873628741963772,0.0,0.0,-0.980493376763146,0.19655212571631878
1775452244,238833006,-11.880949389187736,14.866273281278987,0.0,0.0,-0.9825325345318542,0.18609088797254603
1775452244,259260256,-11.900043304204349,14.859015401122322,0.0,0.0,-0.9845405002308544,0.17515708208684866
1775452244,278938339,-11.9185852375294,14.852426763243697,0.0,0.0,-0.9863597736357109,0.16460375740945027
1775452244,299086964,-11.937712138619093,14.84609367000034,0.0,0.0,-0.9881053280920902,0.15377860903266985
1775452244,321840548,-11.959473105543276,14.8394479626001,0.0,0.0,-0.989933737021522,0.14153160886036797
1775452244,340097506,-11.977048266923251,14.834506583159516,0.0,0.0,-0.9912910544702075,0.13168919973689622
1775452244,359480714,-11.995811394563095,14.829643612598252,0.0,0.0,-0.9926250222063208,0.12122526671408615
1775452244,378984964,-12.014790616988783,14.825150997792356,0.0,0.0,-0.9938558060536316,0.11068259471789686
1775452244,399092048,-12.03445183797907,14.820942323006022,0.0,0.0,-0.9950074213691795,0.09980095901471152
1775452244,418747839,-12.053756512887203,14.817244907344413,0.0,0.0,-0.9960180426615574,0.08915188552487309
1775452244,438730589,-12.073458484048325,14.81391024836591,0.0,0.0,-0.9969286323551371,0.07831540072371435
1775452244,474963048,-12.109348774945174,14.808959604222293,0.0,0.0,-0.9982789644874673,0.058643917517761136
1775452244,513501089,-12.147705317774815,14.805251223728032,0.0,0.0,-0.9992892628482213,0.03769574453779345
1775452244,518705173,-12.15289557333313,14.804873866167327,0.0,0.0,-0.9993920115857058,0.034865558631356354
1775452244,540421631,-12.174539467978889,14.803104585853127,0.0,0.0,-0.9989101720137411,0.04667406397002604
1775452244,558948089,-12.192966399140044,14.801191224559577,0.0,0.0,-0.9983888322142584,0.05674275028450228
1775452244,578905881,-12.212769543621754,14.798714770978622,0.0,0.0,-0.997713660348778,0.0675829264936304
1775452244,604411881,-12.237991580381555,14.794924768767975,0.0,0.0,-0.996679481447893,0.08142488109146406
1775452244,618941964,-12.252309845621415,14.792453116342191,0.0,0.0,-0.9960044625076209,0.08930347509982585
1775452244,638897131,-12.271906621177079,14.788690261853182,0.0,0.0,-0.994975931420032,0.10011441402135729
1775452244,658862298,-12.291426820472797,14.78450048625932,0.0,0.0,-0.9938294541280499,0.11091896189354825
1775452244,678925631,-12.310946457900357,14.779863868697712,0.0,0.0,-0.9925591607317942,0.12176334607506589
1775452244,700094089,-12.331426697574775,14.774510907686029,0.0,0.0,-0.9910905859340816,0.1331895283903307
1775452244,719177714,-12.349779490814928,14.769281963618834,0.0,0.0,-0.9896539308441138,0.14347507506460472
1775452244,739080923,-12.368800544483793,14.763423574880921,0.0,0.0,-0.9880418542212246,0.15418590826364223
1775452244,758400798,-12.387138484048696,14.757344114629904,0.0,0.0,-0.9863661587331065,0.16456549123706413
1775452244,779196298,-12.406729847580127,14.750370863573828,0.0,0.0,-0.9844405934748136,0.17571772226772328
1775452244,799102381,-12.425330561017141,14.743282242613786,0.0,0.0,-0.9824793023497472,0.18637172654228962
1775452244,820015381,-12.44470181391966,14.735402873013799,0.0,0.0,-0.9802946206284141,0.1975410255288597
1775452244,838933090,-12.462066295929985,14.727897127266804,0.0,0.0,-0.9782089945276025,0.20762264574293676
1775452244,858317173,-12.479694878710694,14.719837087730502,0.0,0.0,-0.9759643836590268,0.21793008472685893
1775452244,879187423,-12.498480235281155,14.710745483775447,0.0,0.0,-0.9734262843661555,0.22900058712828777
1775452244,899642631,-12.516687157305423,14.70142279765949,0.0,0.0,-0.9708167832612249,0.2398223787271068
1775452244,918720756,-12.533477194193157,14.692364525826966,0.0,0.0,-0.96827455779826,0.24988873668211628
1775452244,939288506,-12.551363481258964,14.682210643280252,0.0,0.0,-0.965416888682389,0.2607110105975885
1775452244,958911340,-12.56821177708004,14.672152545943995,0.0,0.0,-0.9625778129336059,0.27100545021817557
1775452244,982149840,-12.58788152028474,14.659778877144248,0.0,0.0,-0.9590735969976575,0.2831569097549536
1775452244,999191256,-12.602103614924717,14.650390877450686,0.0,0.0,-0.9564063548956288,0.29203918284239994
1775452245,24397840,-12.62281483541216,14.63602506888898,0.0,0.0,-0.9523103961693595,0.30513097081049895
1775452245,37925840,-12.633765599617766,14.62808232508718,0.0,0.0,-0.950038191563042,0.3121336806107674
1775452245,59600340,-12.651063395676026,14.615023081373433,0.0,0.0,-0.9462904347036798,0.32331782070946974
1775452245,81723298,-12.668396577606146,14.601276494954977,0.0,0.0,-0.9423293208968375,0.3346870941313767
1775452245,98829131,-12.68156877294894,14.590363857159284,0.0,0.0,-0.9391729212771873,0.34344464465132385
1775452245,119399715,-12.697136846815278,14.576918658735607,0.0,0.0,-0.935269349870115,0.35393677852623967
1775452245,141086256,-12.713218871802015,14.562370706331603,0.0,0.0,-0.9310271785332662,0.364949849749778
1775452245,159564506,-12.726647864592806,14.549678123013193,0.0,0.0,-0.9273101795073284,0.37429377630690897
1775452245,177748131,-12.739610888305087,14.53692679104592,0.0,0.0,-0.9235609125725526,0.3834517450320886
1775452245,198289090,-12.753947516802363,14.522217126000774,0.0,0.0,-0.9192168426777796,0.3937516935042873
1775452245,219176090,-12.76818485150424,14.506934718457616,0.0,0.0,-0.9146817785247594,0.40417476917143536
1775452245,239882506,-12.78195232884755,14.491469138076672,0.0,0.0,-0.9100693509130733,0.4144560007149824
1775452245,260974923,-12.795614645210232,14.4754001761717,0.0,0.0,-0.9052520778033878,0.42487489409548457
1775452245,279347548,-12.8072119239355,14.46115089737545,0.0,0.0,-0.9009587760082493,0.43390469452832303
1775452245,299754256,-12.819756335208844,14.445055712675602,0.0,0.0,-0.8960845642236234,0.4438833785581063
1775452245,318732173,-12.831099104284785,14.4298406615626,0.0,0.0,-0.8914523848330773,0.4531143846485333
1775452245,343170006,-12.845237942832314,14.40990904836751,0.0,0.0,-0.885347592539496,0.4649297155318409
1775452245,359187798,-12.854215331867312,14.396644121848656,0.0,0.0,-0.8812612814822811,0.4726294042484108
1775452245,379749340,-12.865398338111424,14.379389962034487,0.0,0.0,-0.8759175474280259,0.4824608275369847
1775452245,399714590,-12.875884808451929,14.36240095559299,0.0,0.0,-0.8706238871154512,0.4919492323238059
1775452245,419726506,-12.886023005558284,14.345147350631446,0.0,0.0,-0.8652146314211423,0.5014016768767102
1775452245,438923673,-12.895393024381091,14.328392565971916,0.0,0.0,-0.8599291990164655,0.5104133351303629
1775452245,458776465,-12.904712554968937,14.310863782212971,0.0,0.0,-0.8543646046723421,0.5196740538867345
1775452245,478020548,-12.913382925087907,14.29368384780357,0.0,0.0,-0.8488753592961453,0.5285930612293736
1775452245,498825423,-12.92234942748718,14.274910823105625,0.0,0.0,-0.842836221890662,0.5381701432345303
1775452245,517859507,-12.9301785329026,14.257561733436672,0.0,0.0,-0.8372164228871635,0.5468717045596913
1775452245,539433090,-12.938615415554818,14.237706874880882,0.0,0.0,-0.8307382949098785,0.5566631704812415
1775452245,558719340,-12.945761184654556,14.219794004312456,0.0,0.0,-0.8248501323995944,0.5653514474027387
1775452245,577878548,-12.952486202923424,14.201854097525267,0.0,0.0,-0.8189106506897722,0.5739210278312286
1775452245,598926048,-12.959441024003757,14.181989248524957,0.0,0.0,-0.8122831974042787,0.5832632400680516
1775452245,618154007,-12.965395348984048,14.163706803525157,0.0,0.0,-0.8061355300189494,0.5917309415951371
1775452245,640183090,-12.971745043793796,14.142613402226965,0.0,0.0,-0.7989838800442409,0.6013524419418699
1775452245,658778965,-12.976710289929473,14.124692931150403,0.0,0.0,-0.792857320445143,0.6094073099467612
1775452245,681367798,-12.982252283232029,14.102794938212373,0.0,0.0,-0.7853060620616681,0.619107736092189
1775452245,699011132,-12.986205434924123,14.085600578656571,0.0,0.0,-0.779325515235274,0.6266192953486787
1775452245,718721673,-12.99023045046872,14.066305523203265,0.0,0.0,-0.7725591791872674,0.6349427648642796
1775452245,740119215,-12.99461907908901,14.045363557517716,0.0,0.0,-0.7799003299602177,0.6259037268845293
1775452245,759312048,-12.998969545829418,14.026670543845187,0.0,0.0,-0.7863952317471252,0.617723675671724
1775452245,778111257,-13.003608359064033,14.008453135000767,0.0,0.0,-0.7926736826570292,0.6096461537834413
1775452245,799128257,-13.00923452126659,13.988203580405692,0.0,0.0,-0.7995946404650021,0.600540099360271
1775452245,818742923,-13.01490185809183,13.969425854253839,0.0,0.0,-0.8059594445941782,0.591970754065979
1775452245,840802340,-13.021752720493092,13.948458004813302,0.0,0.0,-0.8130077194402667,0.5822529073611712
1775452245,860056632,-13.028142495014771,13.930295105677583,0.0,0.0,-0.8190640962535414,0.5737020186720363
1775452245,882720923,-13.03614953120562,13.909092931132706,0.0,0.0,-0.8260777454403757,0.563556171546498
1775452245,901201632,-13.043064082184628,13.89195476859939,0.0,0.0,-0.8317037999862944,0.5552195863695354
1775452245,919054673,-13.050069710374194,13.87553426271854,0.0,0.0,-0.8370587936144055,0.5471129463216861
1775452245,939200548,-13.058356606632211,13.857172125100352,0.0,0.0,-0.8430066984074285,0.537903064166962
1775452245,958794340,-13.066800795516658,13.83949150973308,0.0,0.0,-0.8486944512201303,0.5288834734307377
1775452245,979851090,-13.076293402461728,13.82069646776539,0.0,0.0,-0.8546992057164001,0.519123557303803
1775452246,63798,-13.085808408690104,13.80286392978549,0.0,0.0,-0.8603577093963108,0.5096907021737135
1775452246,20095798,-13.095623239141968,13.785401371603935,0.0,0.0,-0.8658629782256836,0.5002812238512949
1775452246,39708882,-13.10559933107162,13.768515465274072,0.0,0.0,-0.8711533653533373,0.4910110121306392
1775452246,60609423,-13.116624505878722,13.750759704450711,0.0,0.0,-0.8766818458773133,0.481070619669448
1775452246,79687798,-13.127038445601094,13.734775102899775,0.0,0.0,-0.881629201080313,0.4719427420805294
1775452246,98796007,-13.137799482604548,13.718985138142322,0.0,0.0,-0.8864892069853905,0.46274926893341883
1775452246,119912382,-13.150070219071022,13.70180067724524,0.0,0.0,-0.8917483274785813,0.4525316789343624
1775452246,137755673,-13.1607445847497,13.687502797870474,0.0,0.0,-0.896100517135782,0.4438511723415677
1775452246,158852840,-13.173720864321275,13.670868864132977,0.0,0.0,-0.901137336683245,0.4335337362137206
1775452246,179124507,-13.186546127505602,13.655170426617651,0.0,0.0,-0.905865197131989,0.4235661041974708
1775452246,205820132,-13.203958023004835,13.634936174989178,0.0,0.0,-0.9119229403967869,0.41036148793238164
1775452246,232244674,-13.221765002012214,13.615413744238497,0.0,0.0,-0.9177296783993476,0.39720553544107373
1775452246,255652840,-13.238002512625005,13.598553843778106,0.0,0.0,-0.9227150691574372,0.38548268592737844
1775452246,267628924,-13.24647460868405,13.590089434704883,0.0,0.0,-0.9252078252127149,0.3794607755291163
1775452246,283011424,-13.25751716668139,13.579380626995881,0.0,0.0,-0.9283519625155026,0.3717023455583983
1775452246,303106507,-13.27220998963108,13.565672297432329,0.0,0.0,-0.9323612949446752,0.361527890610238
1775452246,319007132,-13.284046274029455,13.555055069959089,0.0,0.0,-0.9354547513637893,0.35344647140820507
1775452246,337770799,-13.298247483540797,13.54279195752252,0.0,0.0,-0.9390150730421764,0.3438759843309738
1775452246,358914549,-13.314546524016675,13.529323972631984,0.0,0.0,-0.942909713223193,0.33304845399634564
1775452246,380027632,-13.331126606624323,13.51625352551632,0.0,0.0,-0.9466740742817531,0.3221927948958292
1775452246,400704257,-13.347650956042928,13.503825727971472,0.0,0.0,-0.9502395181463913,0.31152023714826965
1775452246,418760715,-13.362307089060318,13.493279202623242,0.0,0.0,-0.9532547783990862,0.30216771412463816
1775452246,439162840,-13.379112747554974,13.481711911669779,0.0,0.0,-0.9565509472464057,0.2915652333904096
1775452246,457797090,-13.39468299139459,13.47147547797638,0.0,0.0,-0.9594584358958841,0.2818501548486777
1775452246,479374590,-13.412967726031313,13.46001948579246,0.0,0.0,-0.962701907332159,0.2705642947970465
1775452246,498721882,-13.42958718828566,13.450115272716463,0.0,0.0,-0.9654972500941378,0.2604132486273654
1775452246,519195215,-13.44739687811512,13.440018182337642,0.0,0.0,-0.9683387234675964,0.249639974028892
1775452246,547715257,-13.472572431594111,13.426619066343125,0.0,0.0,-0.9720966125211724,0.23458085157331496
1775452246,558956090,-13.482607150479486,13.421553827579364,0.0,0.0,-0.9735134208672731,0.2286298742319111
1775452246,578816549,-13.50048532525934,13.4129059527637,0.0,0.0,-0.9759275821451742,0.21809482893520032
1775452246,599015090,-13.518855660374138,13.404509122046726,0.0,0.0,-0.9782659606261458,0.20735406984239338
1775452246,619513965,-13.53768269078493,13.396402669098284,0.0,0.0,-0.9805181829999733,0.19642834013051927
1775452246,638916049,-13.555665300353633,13.389118462101202,0.0,0.0,-0.9825375563915796,0.18606437133439513
1775452246,658733632,-13.574187436517075,13.382072034154755,0.0,0.0,-0.9844870696819055,0.17545714470814505
1775452246,681518007,-13.59566446341371,13.374466585254343,0.0,0.0,-0.9865869227494743,0.1632367723882177
1775452246,698721090,-13.61200145575731,13.369078429131363,0.0,0.0,-0.9880718838817895,0.1539933514223633
1775452246,719731382,-13.632086963126106,13.36291401231421,0.0,0.0,-0.9897680478672706,0.1426857085380746
1775452246,739195257,-13.65081480997927,13.357614678398518,0.0,0.0,-0.9912238607758249,0.13219401585801088
1775452246,759700757,-13.670542183497659,13.35202042706552,0.0,0.0,-0.9896869663685544,0.1432470195159673
1775452246,781062965,-13.69095530520265,13.345725843705639,0.0,0.0,-0.9879548129993546,0.15474264916761077
1775452246,799131424,-13.70810311284842,13.340032449033853,0.0,0.0,-0.9863854758171301,0.16444966736668637
1775452246,819264715,-13.727074327574678,13.333292654875914,0.0,0.0,-0.9845244738473691,0.17524714090552554
1775452246,841950549,-13.748267859198425,13.325202410160376,0.0,0.0,-0.9822859272241053,0.18738825250660643
1775452246,859201882,-13.764247234605971,13.318701273483876,0.0,0.0,-0.9804833784673508,0.19660199528298236
1775452246,879734966,-13.783102985066995,13.31057411524617,0.0,0.0,-0.9782253165500597,0.20754573004650215
1775452246,899114841,-13.800728950940966,13.302518672955939,0.0,0.0,-0.975982024939836,0.21785106608492266
1775452246,918950299,-13.818589234438155,13.293890756333248,0.0,0.0,-0.9735735768201824,0.22837357666235458
1775452246,942764007,-13.839779357678784,13.283026116221562,0.0,0.0,-0.9705322546769907,0.24097124855799057
1775452246,958378632,-13.853517970838556,13.275605537080038,0.0,0.0,-0.9684495338828946,0.24920975165912818
1775452246,979032174,-13.871492288477272,13.265433880906457,0.0,0.0,-0.9655873739625792,0.2600788788887908
1775452246,999169132,-13.888792948775869,13.25512987326238,0.0,0.0,-0.9626792959044924,0.2706447362075064
1775452247,19707549,-13.906201596535936,13.24423243262145,0.0,0.0,-0.9595941455917874,0.2813877675841073
1775452247,39723507,-13.92292878898561,13.23324045188651,0.0,0.0,-0.9564721491111752,0.2918236247712817
1775452247,59159091,-13.938937961711666,13.222221046331265,0.0,0.0,-0.9533321010640828,0.301923674263449
1775452247,79692299,-13.955594257367693,13.210214063709985,0.0,0.0,-0.9498988198348745,0.3125575660199458
1775452247,99362049,-13.971294629898154,13.198365712615107,0.0,0.0,-0.9464986898476715,0.322707654257908
1775452247,120410091,-13.987810063862735,13.185318020326974,0.0,0.0,-0.9427401962761076,0.33352799331583277
1775452247,137734174,-14.001176259749524,13.174297318005696,0.0,0.0,-0.9395538807619416,0.342401088119146
1775452247,160422341,-14.018362564138155,13.159486614019748,0.0,0.0,-0.9352546995469988,0.3539754892294845
1775452247,180291882,-14.033109457460279,13.146170706174676,0.0,0.0,-0.9313724792325929,0.3640677202501388
1775452247,201714216,-14.048682180716725,13.131460569243618,0.0,0.0,-0.9270648752364744,0.3749009430540021
1775452247,218920216,-14.060938805866721,13.119385333137105,0.0,0.0,-0.9235138394375871,0.3835651031666547
1775452247,238753257,-14.074783381819405,13.105184494476402,0.0,0.0,-0.9193201645596731,0.39351040015986305
1775452247,260374299,-14.089522897648104,13.089367027580984,0.0,0.0,-0.9146264440237071,0.4042999726595943
1775452247,279136382,-14.102008647856465,13.075363396015893,0.0,0.0,-0.9104507716669363,0.4136174468891274
1775452247,297727716,-14.114096493415728,13.061238192949771,0.0,0.0,-0.9062193568077799,0.4228078492020858
1775452247,319417924,-14.127834202614379,13.044453817911108,0.0,0.0,-0.9011655165126692,0.43347515712951096
1775452247,340552341,-14.140835186743164,13.027791987654167,0.0,0.0,-0.8961203846676615,0.4438110591040768
1775452247,359156466,-14.151959828677288,13.01288089025518,0.0,0.0,-0.8915811611004019,0.4528609424214669
1775452247,380134966,-14.16413915821592,12.995800486031815,0.0,0.0,-0.8863529940789969,0.46301011855811275
1775452247,399195549,-14.174864480037568,12.980043885856698,0.0,0.0,-0.8815025363363881,0.47217928632301814
1775452247,419102424,-14.18571430231266,12.96335422084544,0.0,0.0,-0.8763355688690391,0.4817011217912801
1775452247,439185466,-14.196291158794503,12.946282637657523,0.0,0.0,-0.8710186525267506,0.49124994346104883
1775452247,459303382,-14.206509826776808,12.928953572424353,0.0,0.0,-0.8655881424675432,0.5007565951833166
1775452247,479084716,-14.216185185590618,12.911700336003449,0.0,0.0,-0.8601473353753601,0.5100456464343831
1775452247,500349757,-14.226169336609308,12.89292540488445,0.0,0.0,-0.8541872876422286,0.5199654581127602
1775452247,518719382,-14.234442326706999,12.876524449376129,0.0,0.0,-0.8489466112975721,0.5284786194032537
1775452247,538084341,-14.242806620513372,12.859059584757274,0.0,0.0,-0.843330175377273,0.5373957715670435
1775452247,559618674,-14.251673352949302,12.83943608379316,0.0,0.0,-0.8369745921049095,0.5472417492944232
1775452247,578911966,-14.259224952547513,12.821682193857043,0.0,0.0,-0.8311826592641397,0.5559994486855118
1775452247,600456299,-14.267214798235745,12.801674834466345,0.0,0.0,-0.8246068131971394,0.565706287422067
1775452247,619135049,-14.27376063482922,12.78418104875087,0.0,0.0,-0.8188138329758246,0.574059149328219
1775452247,640160008,-14.280701598171587,12.764335092869691,0.0,0.0,-0.8121919193639422,0.5833903376984534
1775452247,660494341,-14.28698079211563,12.74499507437391,0.0,0.0,-0.8056864595898126,0.5923422396162824
1775452247,679722299,-14.292523299026909,12.726583599737696,0.0,0.0,-0.7994441517995506,0.6007404166139457
1775452247,700154341,-14.297989248641615,12.706896735443463,0.0,0.0,-0.7927150509351292,0.6095923621740315
1775452247,719528549,-14.302766630861928,12.688121227275827,0.0,0.0,-0.7862438055459422,0.6179164006891503
1775452247,740144091,-14.307414164202108,12.668036789365313,0.0,0.0,-0.7792619316526391,0.626698365944094
1775452247,758857633,-14.311241804721275,12.64971903558637,0.0,0.0,-0.7728392088173213,0.6346018888363136
1775452247,779361258,-14.31500625499384,12.629564486740255,0.0,0.0,-0.7657102088492617,0.6431857243938333
1775452247,800033049,-14.318345361491286,12.609164548133672,0.0,0.0,-0.7584261740488091,0.6517589573743392
1775452247,819325841,-14.321046935666017,12.590062161784477,0.0,0.0,-0.7515414431003105,0.6596858792658085
1775452247,839771674,-14.32347152178382,12.569761032843129,0.0,0.0,-0.7441548572098529,0.6680071470358558
1775452247,860191049,-14.325441489916976,12.549437584368686,0.0,0.0,-0.7366859682352109,0.6762350066399623
1775452247,879385758,-14.326881094120706,12.530296914931409,0.0,0.0,-0.7295818397876975,0.6838935144099544
1775452247,899159466,-14.32794563507474,12.51055225160739,0.0,0.0,-0.7221803142131243,0.6917048458432491
1775452247,919288633,-14.328592611850498,12.490434089125559,0.0,0.0,-0.7145599270404365,0.699574235280264
1775452247,939061674,-14.328798889691514,12.47066254030324,0.0,0.0,-0.7069908084609962,0.7072227348945077
1775452247,963521924,-14.329116453589961,12.446205008563147,0.0,0.0,-0.7163421325184465,0.6977492022058674
1775452247,978970424,-14.329652431981375,12.43076615948002,0.0,0.0,-0.7221828271703901,0.6917022221593498
1775452248,759716,-14.33084951860541,12.40901002808226,0.0,0.0,-0.7303341377623872,0.6830900725518345
1775452248,18972091,-14.33224568263889,12.390851602839845,0.0,0.0,-0.7370684906731667,0.675818052479201
1775452248,39470633,-14.33424727925308,12.370451473808679,0.0,0.0,-0.7445615663113148,0.6675537985601173
1775452248,60320591,-14.336749554024255,12.349752679290166,0.0,0.0,-0.7520880460632714,0.659062645708836
1775452248,78811008,-14.33936114740269,12.33144780052414,0.0,0.0,-0.7586818422439153,0.6514613282838658
1775452248,99406883,-14.342703076552096,12.311125392469211,0.0,0.0,-0.7659359028389248,0.6429169407803166
1775452248,119110133,-14.346325743282845,12.291758525931707,0.0,0.0,-0.7727855206716786,0.6346672664004365
1775452248,139180799,-14.350442130144899,12.27211479918916,0.0,0.0,-0.7796715878593523,0.6261886417724905
1775452248,158731091,-14.354863335479916,12.25307157602807,0.0,0.0,-0.7862895830844597,0.6178581483907666
1775452248,178809424,-14.359824718684562,12.233616201253062,0.0,0.0,-0.7929937763240393,0.609229735577097
1775452248,199584674,-14.365404557426556,12.21360468324306,0.0,0.0,-0.7998309878615324,0.600225283419855
1775452248,218937133,-14.371008062409178,12.195081625536412,0.0,0.0,-0.8061079661875791,0.5917684909226959
1775452248,238026466,-14.376916357660974,12.176930115038727,0.0,0.0,-0.8122119780180012,0.5833624111682942
1775452248,258783341,-14.383767265436019,12.1573367967417,0.0,0.0,-0.8187497715308306,0.5741505130348772
1775452248,279540091,-14.391058959370344,12.137903465529373,0.0,0.0,-0.8251830177986252,0.5648654593235045
1775452248,300214591,-14.398756308766922,12.118715803725802,0.0,0.0,-0.8314861041850824,0.5555455503800875
1775452248,318728841,-14.406014332835062,12.101683707545071,0.0,0.0,-0.8370413301750672,0.547139663686297
1775452248,338843550,-14.414286900147003,12.083349367442374,0.0,0.0,-0.8429803854845987,0.5379442998008598
1775452248,359204841,-14.423067594212384,12.06497927485023,0.0,0.0,-0.8488893503192004,0.5285705921772851
1775452248,379157050,-14.432064790244212,12.047171159214965,0.0,0.0,-0.854578547620052,0.5193221600775404
1775452248,397828966,-14.440832974154908,12.03068658345164,0.0,0.0,-0.8598113599016729,0.5106118147712957
1775452248,418787925,-14.451072027423074,12.012399204192135,0.0,0.0,-0.8655794359379702,0.500771644645846
1775452248,440864550,-14.462305100650314,11.993394699936974,0.0,0.0,-0.871533253658396,0.4903364026539433
1775452248,459134091,-14.471944176185842,11.9778752516351,0.0,0.0,-0.876365255027174,0.48164711125590315
1775452248,477742633,-14.48207736794827,11.962268026758021,0.0,0.0,-0.8811978649238426,0.47274763125124303
1775452248,498886550,-14.493972027975685,11.944787683504005,0.0,0.0,-0.8865791926924242,0.4625768423568664
1775452248,518910091,-14.50560448280709,11.928490013253613,0.0,0.0,-0.8915671761122766,0.4528884746592484
1775452248,539952758,-14.51820856969412,11.911640442411905,0.0,0.0,-0.8966949003246717,0.4426491338879215
1775452248,558975841,-14.529932370335256,11.89666005931734,0.0,0.0,-0.9012292867327031,0.4333425581860882
1775452248,577758258,-14.54180990796625,11.88211019800053,0.0,0.0,-0.9056116252313334,0.42410798653864434
1775452248,599710758,-14.556065360245626,11.865416887655043,0.0,0.0,-0.910613579893284,0.41325888751960044
1775452248,618942841,-14.568878955937523,11.851075708550583,0.0,0.0,-0.9148889076315826,0.40370569316358373
1775452248,637731966,-14.581684624707973,11.8373268520466,0.0,0.0,-0.9189689801629107,0.3943298283142424
1775452248,659410591,-14.59680554917664,11.82179264436355,0.0,0.0,-0.9235571810665146,0.38346073241007766
1775452248,679697508,-14.61128378783475,11.807582856296522,0.0,0.0,-0.9277343282038657,0.3732412306700883
1775452248,699375008,-14.62562372488262,11.79410840338971,0.0,0.0,-0.9316780149713835,0.3632851172550047
1775452248,717918883,-14.639398538131147,11.78169420155514,0.0,0.0,-0.9352966714265011,0.35386457355676015
1775452248,739614383,-14.655828738885914,11.767526410909795,0.0,0.0,-0.9394094555456444,0.3427971336394691
1775452248,762864425,-14.67380198322147,11.752778873997105,0.0,0.0,-0.9436714951766672,0.3308838303559628
1775452248,777970591,-14.685677615684735,11.743442454470163,0.0,0.0,-0.9463597989717084,0.3231147333227434
1775452248,799714966,-14.70303727943081,11.730349232249836,0.0,0.0,-0.9501170134195559,0.3118936690776257
1775452248,819199883,-14.718852641728327,11.718968319042277,0.0,0.0,-0.953370836865228,0.3018013376625338
1775452248,839686383,-14.735737077061572,11.707367060962866,0.0,0.0,-0.9566762670787742,0.291153773817586
1775452248,859940841,-14.75268050744394,11.696270070355492,0.0,0.0,-0.9598273697411487,0.28059119782307534
1775452248,879454800,-14.76923202908448,11.685934550008797,0.0,0.0,-0.9627529689609952,0.27038254521471805
1775452248,898906800,-14.785946134780435,11.67598378056433,0.0,0.0,-0.9655612840570705,0.260175722791465
1775452248,918932258,-14.803368585478474,11.66611194658645,0.0,0.0,-0.9683392741082467,0.24963783811656795
1775452248,938936466,-14.820983464114347,11.656631906575551,0.0,0.0,-0.9709995303131692,0.23908139227385447
1775452248,958731966,-14.83861373918529,11.647630448585119,0.0,0.0,-0.9735187602489255,0.2286071377787559
1775452248,979352383,-14.857180022549732,11.638660269411908,0.0,0.0,-0.9760227676552949,0.2176684566456474
1775452248,997834175,-14.873988512069996,11.630976105803281,0.0,0.0,-0.9781626889879061,0.2078406934937159
1775452249,17997633,-14.892498271644632,11.62298041600801,0.0,0.0,-0.9803844068128676,0.19709493874318934
1775452249,41435717,-14.914228690876385,11.614199241697916,0.0,0.0,-0.9828185962324045,0.1845741230502417
1775452249,58749258,-14.93042074171539,11.608070194303723,0.0,0.0,-0.9845140352210698,0.17530577415683168
1775452249,80866008,-14.95108435373465,11.600186745805772,0.0,0.0,-0.9823327488459299,0.1871426475841332
1775452249,100546425,-14.969307222003575,11.592755395993114,0.0,0.0,-0.9802721103099853,0.19765269982574996
1775452249,119751717,-14.986932909711076,11.585128701300686,0.0,0.0,-0.9781527908754082,0.20788727162250703
1775452249,139114175,-15.004537498613843,11.577068364434572,0.0,0.0,-0.9759079678348571,0.21818258023141868
1775452249,159622592,-15.022994453037892,11.568128393511357,0.0,0.0,-0.9734121094931798,0.22906083273235037
1775452249,178980467,-15.040228565444407,11.559314124847331,0.0,0.0,-0.9709450636529061,0.23930249344303553
1775452249,199591092,-15.058369833579324,11.549532405338681,0.0,0.0,-0.9681998767656957,0.2501779339408086
1775452249,219801342,-15.075941112604,11.539547990493645,0.0,0.0,-0.9653897540161535,0.26081146991769877
1775452249,239606383,-15.092942884819566,11.529391181083676,0.0,0.0,-0.9625226927211554,0.2712011541214679
1775452249,259215800,-15.1095572653656,11.518975887425908,0.0,0.0,-0.9595737704752921,0.2814572418962271
1775452249,279747675,-15.126710607872898,11.507693417456734,0.0,0.0,-0.956369061314917,0.2921612886054973
1775452249,299188925,-15.142717062012784,11.496659138500084,0.0,0.0,-0.9532244279663918,0.30226344457797916
1775452249,318934675,-15.158731103458782,11.48510821960837,0.0,0.0,-0.9499214061088401,0.3124889153493352
1775452249,338234592,-15.174140342545812,11.473487934110706,0.0,0.0,-0.9465869191229987,0.3224487626666125
1775452249,359074592,-15.190500992892526,11.460580061911642,0.0,0.0,-0.942869129210474,0.3331633310883452
1775452249,378219758,-15.205269686160653,11.448397572604698,0.0,0.0,-0.9393467704884424,0.342968868518607
1775452249,402898550,-15.223926779095972,11.432244713703346,0.0,0.0,-0.9346559786840725,0.3555533736446874
1775452249,418947717,-15.235824519117987,11.421473455953638,0.0,0.0,-0.9315148769855282,0.36370322235943464
1775452249,439774258,-15.235824519117987,11.421473455953638,0.0,0.0,-0.9315148769855282,0.36370322235943464
1775452249,458800383,-15.235824519117987,11.421473455953638,0.0,0.0,-0.9315148769855282,0.36370322235943464
1775452249,479155550,-15.235824519117987,11.421473455953638,0.0,0.0,-0.9315148769855282,0.36370322235943464
1775452249,498744425,-15.235824519117987,11.421473455953638,0.0,0.0,-0.9315148769855282,0.36370322235943464
1775452249,519713008,-15.235824519117987,11.421473455953638,0.0,0.0,-0.9315148769855282,0.36370322235943464
1775452249,539237258,-15.235824519117987,11.421473455953638,0.0,0.0,-0.9315148769855282,0.36370322235943464
1775452249,563505050,-15.235824519117987,11.421473455953638,0.0,0.0,-0.9315148769855282,0.36370322235943464
1775452249,579174008,-15.235824519117987,11.421473455953638,0.0,0.0,-0.9315148769855282,0.36370322235943464
1775452249,600195925,-15.235824519117987,11.421473455953638,0.0,0.0,-0.9315148769855282,0.36370322235943464
1775452249,618789008,-15.235824519117987,11.421473455953638,0.0,0.0,-0.9315148769855282,0.36370322235943464
1775452249,638207050,-15.235824519117987,11.421473455953638,0.0,0.0,-0.9315148769855282,0.36370322235943464
1775452249,657945592,-15.235824519117987,11.421473455953638,0.0,0.0,-0.9315148769855282,0.36370322235943464
1775452249,680802300,-15.235824519117987,11.421473455953638,0.0,0.0,-0.9315148769855282,0.36370322235943464
1775452249,697818217,-15.235824519117987,11.421473455953638,0.0,0.0,-0.9315148769855282,0.36370322235943464
1775452249,718792675,-15.235824519117987,11.421473455953638,0.0,0.0,-0.9315148769855282,0.36370322235943464
1775452249,739500217,-15.235824519117987,11.421473455953638,0.0,0.0,-0.9315148769855282,0.36370322235943464
1775452249,760769884,-15.235824519117987,11.421473455953638,0.0,0.0,-0.9315148769855282,0.36370322235943464
1775452249,780952259,-15.235824519117987,11.421473455953638,0.0,0.0,-0.9315148769855282,0.36370322235943464
1775452249,797871134,-15.235824519117987,11.421473455953638,0.0,0.0,-0.9315148769855282,0.36370322235943464
1775452249,820687425,-15.235824519117987,11.421473455953638,0.0,0.0,-0.9315148769855282,0.36370322235943464
1775452249,838733842,-15.235824519117987,11.421473455953638,0.0,0.0,-0.9315148769855282,0.36370322235943464
1775452249,858724800,-15.235824519117987,11.421473455953638,0.0,0.0,-0.9315148769855282,0.36370322235943464
1775452249,879044925,-15.235824519117987,11.421473455953638,0.0,0.0,-0.9315148769855282,0.36370322235943464
1775452249,898151550,-15.235824519117987,11.421473455953638,0.0,0.0,-0.9315148769855282,0.36370322235943464
1775452249,919756925,-15.235824519117987,11.421473455953638,0.0,0.0,-0.9315148769855282,0.36370322235943464
1775452249,937963175,-15.235824519117987,11.421473455953638,0.0,0.0,-0.9315148769855282,0.36370322235943464
1775452249,957819217,-15.235824519117987,11.421473455953638,0.0,0.0,-0.9315148769855282,0.36370322235943464
1775452249,982200134,-15.235824519117987,11.421473455953638,0.0,0.0,-0.9315148769855282,0.36370322235943464
1775452249,999129550,-15.235824519117987,11.421473455953638,0.0,0.0,-0.9315148769855282,0.36370322235943464
1775452250,18721425,-15.235824519117987,11.421473455953638,0.0,0.0,-0.9315148769855282,0.36370322235943464
1775452250,38978384,-15.235824519117987,11.421473455953638,0.0,0.0,-0.9315148769855282,0.36370322235943464
1775452250,60419592,-15.235824519117987,11.421473455953638,0.0,0.0,-0.9315148769855282,0.36370322235943464
1775452250,79728675,-15.235824519117987,11.421473455953638,0.0,0.0,-0.9315148769855282,0.36370322235943464
1775452250,99198342,-15.235824519117987,11.421473455953638,0.0,0.0,-0.9315148769855282,0.36370322235943464
1775452250,119434259,-15.235824519117987,11.421473455953638,0.0,0.0,-0.9315148769855282,0.36370322235943464
1775452250,138144967,-15.235824519117987,11.421473455953638,0.0,0.0,-0.9315148769855282,0.36370322235943464
1775452250,160243009,-15.235824519117987,11.421473455953638,0.0,0.0,-0.9315148769855282,0.36370322235943464
